DateTaken,Rank,Team,Total Points,Previous Points,=/- Position,Positions,2015 Avg.,2015 AVG WGT,2014 Avg.,2014 AVG WGT,2013 Avg.,2013 AVG WGT,Avg.,AVG WGT
10/1/2015,1,Argentina,1419(1419.28),1442,0,,557.25,557.25,1022.99,511.5,714.89,214.47,680.32,136.06
10/1/2015,2,Germany,1401(1400.75),1248,1,,508.36,508.36,1158.66,579.33,507.09,152.13,804.67,160.93
10/1/2015,3,Belgium,1387(1387.09),1269,-1,,654.79,654.79,854.34,427.17,771.97,231.59,367.7,73.54
10/1/2015,4,Portugal,1235(1234.79),1186,2,,670.77,670.77,628.91,314.46,379.38,113.81,678.75,135.75
10/1/2015,5,Colombia,1228(1227.66),1224,-1,,455.3,455.3,873.02,436.51,629.1,188.73,735.6,147.12
10/1/2015,6,Spain,1223(1223.38),1122,5,,598.56,598.56,497.96,248.98,704.49,211.35,822.47,164.49
10/1/2015,7,Brazil,1204(1204.37),1209,-2,,544.58,544.58,783.69,391.85,627.93,188.38,397.8,79.56
10/1/2015,8,Wales,1195(1195.41),1146,1,,823.11,823.11,397.79,198.9,329.63,98.89,372.56,74.51
10/1/2015,9,Chile,1177(1176.72),1149,-1,,620.35,620.35,630.71,315.36,490.23,147.07,469.7,93.94
10/1/2015,10,England,1161(1160.67),1143,0,,692.9,692.9,473.57,236.79,353.68,106.1,624.38,124.88
10/1/2015,11,Austria,1100(1099.63),1038,2,,771.93,771.93,308.37,154.18,377.25,113.18,301.69,60.34
10/1/2015,12,Switzerland,1044(1043.69),1011,5,,445.51,445.51,672.85,336.42,532.13,159.64,510.6,102.12
10/1/2015,13,Romania,1042(1041.93),1176,-6,,613.68,613.68,456.62,228.31,438.86,131.66,341.42,68.28
10/1/2015,14,Netherlands,1004(1004.29),1054,-2,,308.58,308.58,969.97,484.98,482.9,144.87,329.29,65.86
10/1/2015,15,Czech Republic,983(982.72),940,5,,563.37,563.37,432.09,216.04,320.75,96.23,535.39,107.08
10/1/2015,16,Croatia,965(964.90),1037,-2,,505.21,505.21,389.08,194.54,541.59,162.48,513.35,102.67
10/1/2015,17,Italy,962(962.22),1012,-1,,436.49,436.49,444.16,222.08,642.54,192.76,554.43,110.89
10/1/2015,18,Slovakia,936(935.50),1013,-3,,621.56,621.56,368.21,184.1,270.1,81.03,244.06,48.81
10/1/2015,19,Algeria,927(926.81),955,0,,442.11,442.11,543.9,271.95,380.09,114.03,493.59,98.72
10/1/2015,20,Uruguay,919(919.44),1002,-2,,304.13,304.13,701.98,350.99,524.09,157.23,535.45,107.09
10/1/2015,21,Côte d'Ivoire,916(916.45),924,0,,476.73,476.73,422.25,211.13,436.46,130.94,488.27,97.65
10/1/2015,22,France,899(899.14),893,2,,311.45,311.45,781,390.5,315.23,94.57,513.11,102.62
10/1/2015,23,Iceland,882(881.54),894,0,,545.41,545.41,340.66,170.33,436.39,130.92,174.38,34.88
10/1/2015,24,Ukraine,874(874.26),812,5,,415.4,415.4,478.84,239.42,490.67,147.2,361.19,72.24
10/1/2015,25,Ghana,849(848.53),827,2,,499.85,499.85,272.07,136.04,457.3,137.19,377.24,75.45
10/1/2015,26,Russia,845(845.37),780,6,,406.84,406.84,366.46,183.23,477.79,143.34,559.8,111.96
10/1/2015,27,Mexico,842(842.27),848,-1,,366.07,366.07,529.26,264.63,383.56,115.07,482.52,96.5
10/1/2015,28,Denmark,835(835.05),901,-6,,425.04,425.04,410.21,205.11,352.03,105.61,496.45,99.29
10/1/2015,29,USA,807(807.02),823,-1,,317.94,317.94,444.73,222.36,662.73,198.82,339.52,67.9
10/1/2015,30,Bosnia and Herzegovina,787(787.18),811,0,,376.45,376.45,358.42,179.21,574.05,172.22,296.5,59.3
10/1/2015,31,Ecuador,765(764.85),764,3,,286.84,286.84,429.88,214.94,430.13,129.04,670.17,134.03
10/1/2015,32,Albania,755(754.90),878,-7,,461.4,461.4,255.29,127.65,434.73,130.42,177.16,35.43
10/1/2015,33,Hungary,741(740.90),740,4,,481.47,481.47,168.86,84.43,444.23,133.27,208.63,41.73
10/1/2015,34,Norway,739(738.69),496,35,,532.79,532.79,96.02,48.01,309.92,92.98,324.56,64.91
10/1/2015,35,Northern Ireland,724(723.50),687,6,,505.32,505.32,234.01,117,302.71,90.81,51.86,10.37
10/1/2015,36,Tunisia,722(722.25),774,-3,,361.8,361.8,373.4,186.7,340.1,102.03,358.6,71.72
10/1/2015,37,Turkey,717(716.79),635,9,,400.31,400.31,344.42,172.21,259.47,77.84,332.17,66.43
10/1/2015,38,Senegal,713(713.43),734,0,,410.22,410.22,367.87,183.94,268.48,80.54,193.66,38.73
10/1/2015,39,Iran,703(703.03),716,1,,417.97,417.97,255.56,127.78,358.01,107.4,249.4,49.88
10/1/2015,40,Scotland,702(701.75),789,-9,,346.57,346.57,432.48,216.24,282.15,84.65,271.44,54.29
10/1/2015,41,Cape Verde Islands,701(701.27),589,15,,378.65,378.65,267.33,133.67,362.49,108.75,400.98,80.2
10/1/2015,42,Costa Rica,691(691.37),731,-3,,188.31,188.31,619.71,309.85,524.28,157.28,179.66,35.93
10/1/2015,43,Poland,680(679.79),764,-9,,458.56,458.56,150.56,75.28,266.54,79.96,329.96,65.99
10/1/2015,44,Greece,676(676.21),657,0,,151.03,151.03,543.92,271.96,487.94,146.38,534.18,106.84
10/1/2015,45,Sweden,672(671.75),756,-9,,339.62,339.62,238.75,119.38,401.29,120.39,461.81,92.36
10/1/2015,46,Slovenia,662(662.02),653,-1,,377.03,377.03,208.35,104.18,400.05,120.02,303.93,60.79
10/1/2015,47,Israel,659(659.35),635,-1,,420.13,420.13,247.38,123.69,310.85,93.26,111.36,22.27
10/1/2015,48,Cameroon,640(639.54),671,-6,,333.72,333.72,325.9,162.95,340.7,102.21,203.31,40.66
10/1/2015,49,Congo,636(636.06),671,-7,,337.64,337.64,343.58,171.79,166.75,50.03,383.01,76.6
10/1/2015,50,Peru,623(623.33),628,-2,,350.18,350.18,201.51,100.76,362.53,108.76,318.15,63.63
10/1/2015,51,Egypt,620(619.53),619,-2,,353.02,353.02,250.82,125.41,289.21,86.76,271.69,54.34
10/1/2015,52,Nigeria,600(600.33),599,1,,270.3,270.3,306.61,153.31,448.9,134.67,210.27,42.05
10/1/2015,53,Korea Republic,590(590.42),574,4,,353.83,353.83,204.49,102.24,187.7,56.31,390.18,78.04
10/1/2015,54,Republic of Ireland,587(586.52),605,-3,,342.39,342.39,217.22,108.61,199.31,59.79,378.63,75.73
10/1/2015,55,Guinea,582(582.24),535,8,,303.06,303.06,300.42,150.21,228.16,68.45,302.6,60.52
10/1/2015,55,Japan,582(581.87),570,3,,320.8,320.8,230,115,249.64,74.89,355.9,71.18
10/1/2015,57,Jamaica,576(575.71),602,-5,,430.94,430.94,69.45,34.73,188.8,56.64,267.01,53.4
10/1/2015,58,Australia,567(567.15),548,3,,388.64,388.64,100.08,50.04,257.43,77.23,256.2,51.24
10/1/2015,59,Trinidad and Tobago,564(564.02),594,-5,,379.03,379.03,145.54,72.77,250.24,75.07,185.74,37.15
10/1/2015,60,Congo DR,563(563.47),529,5,,341.38,341.38,215.71,107.85,217.28,65.18,245.28,49.06
10/1/2015,61,Paraguay,552(551.81),592,-6,,299.11,299.11,189.56,94.78,354.35,106.3,258.08,51.62
10/1/2015,62,Mali,546(545.78),550,-2,,268.05,268.05,156.11,78.06,330.61,99.18,502.44,100.49
10/1/2015,63,Serbia,538(537.58),528,3,,225.34,225.34,329.64,164.82,338.4,101.52,229.5,45.9
10/1/2015,64,Finland,534(533.62),351,28,,282.98,282.98,199.1,99.55,377.4,113.22,189.35,37.87
10/1/2015,65,Gabon,529(529.06),535,-2,,315.71,315.71,193.34,96.67,159.92,47.98,343.48,68.7
10/1/2015,65,Panama,529(528.82),551,-6,,254.16,254.16,170.09,85.05,411.22,123.37,331.22,66.24
10/1/2015,67,Equatorial Guinea,510(510.42),546,-5,,360.5,360.5,78.69,39.35,193.07,57.92,263.27,52.65
10/1/2015,67,Bolivia,510(509.79),521,0,,318.15,318.15,83,41.5,329.85,98.95,255.94,51.19
10/1/2015,69,Venezuela,501(501.49),613,-19,,274,274,79.5,39.75,406.78,122.03,328.54,65.71
10/1/2015,70,United Arab Emirates,491(490.90),484,0,,265.6,265.6,211.95,105.97,302.6,90.78,142.76,28.55
10/1/2015,71,Zambia,487(486.52),464,3,,292.62,292.62,100.03,50.02,168.67,50.6,466.4,93.28
10/1/2015,72,Montenegro,470(469.53),430,5,,182.22,182.22,225.04,112.52,430.64,129.19,228,45.6
10/1/2015,73,South Africa,465(465.12),469,-1,,243.28,243.28,203.51,101.76,297.99,89.4,153.42,30.68
10/1/2015,74,Uzbekistan,464(464.50),453,2,,194.83,194.83,225.54,112.77,338.25,101.48,277.09,55.42
10/1/2015,75,Uganda,455(455.06),478,-4,,238.43,238.43,201.23,100.61,266.06,79.82,181,36.2
10/1/2015,76,Burkina Faso,427(426.81),468,-3,,143.96,143.96,309.01,154.5,397.09,119.13,46.12,9.22
10/1/2015,77,Haiti,418(417.56),385,10,,278.27,278.27,0,0,216.68,65,371.43,74.29
10/1/2015,78,Bulgaria,414(413.69),503,-10,,125.3,125.3,276.32,138.16,286.63,85.99,321.19,64.24
10/1/2015,79,Togo,411(410.57),418,0,,279.44,279.44,0,0,313.37,94.01,185.62,37.12
10/1/2015,80,Morocco,407(407.09),391,5,,235.31,235.31,101.8,50.9,269.43,80.83,200.27,40.05
10/1/2015,81,China PR,405(405.33),393,3,,246.6,246.6,159.84,79.92,143.43,43.03,178.92,35.78
10/1/2015,82,Guatemala,401(401.07),333,16,,133.61,133.61,351.05,175.53,111.79,33.54,291.97,58.39
10/1/2015,83,Antigua and Barbuda,400(400.44),304,22,,202.65,202.65,242.25,121.13,159.72,47.92,143.7,28.74
10/1/2015,84,Sudan,399(398.54),377,5,,297.5,297.5,115.46,57.73,55.29,16.59,133.6,26.72
10/1/2015,85,Iraq,396(396.18),399,-3,,217.29,217.29,178.88,89.44,115.67,34.7,273.75,54.75
10/1/2015,85,Faroe Islands,396(395.68),459,-10,,378.68,378.68,34,17,0,0,0,0
10/1/2015,87,Estonia,388(387.64),405,-7,,203.01,203.01,197.89,98.94,155.78,46.73,194.79,38.96
10/1/2015,88,Saudi Arabia,384(383.74),350,5,,182.19,182.19,254.62,127.31,158.89,47.67,132.87,26.57
10/1/2015,89,Mauritania,379(379.29),273,25,,272,272,114.85,57.42,166.23,49.87,0,0
10/1/2015,89,Honduras,379(378.67),404,-8,,104.77,104.77,187.95,93.98,454.19,136.26,218.3,43.66
10/1/2015,91,Armenia,377(377.38),394,-8,,121.63,121.63,235.13,117.57,327.78,98.33,199.25,39.85
10/1/2015,92,Qatar,365(365.16),347,2,,198.79,198.79,178.88,89.44,132.01,39.6,186.65,37.33
10/1/2015,93,Rwanda,364(363.84),426,-15,,181.11,181.11,227.74,113.87,93.05,27.91,204.75,40.95
10/1/2015,94,El Salvador,363(362.84),300,13,,151.64,151.64,215.48,107.74,178.06,53.42,250.21,50.04
10/1/2015,95,Liberia,360(360.46),154,65,,239.28,239.28,76.11,38.06,111.94,33.58,247.68,49.54
10/1/2015,95,Nicaragua,360(359.98),198,44,,316.93,316.93,0,0,49.72,14.92,140.65,28.13
10/1/2015,97,Angola,353(352.60),381,-9,,199.33,199.33,106.12,53.06,181.7,54.51,228.5,45.7
10/1/2015,98,Belarus,350(349.98),335,-1,,176.06,176.06,147.83,73.91,241.26,72.38,138.13,27.63
10/1/2015,99,Jordan,348(347.92),356,-8,,123.7,123.7,198.81,99.4,258.36,77.51,236.57,47.31
10/1/2015,100,Benin,341(341.04),269,15,,123.25,123.25,229.73,114.86,165.12,49.54,266.96,53.39
10/1/2015,101,Malawi,339(338.76),336,-5,,179.61,179.61,209.3,104.65,87.72,26.32,140.89,28.18
10/1/2015,102,Oman,338(338.06),329,-2,,121.13,121.13,225.48,112.74,209.4,62.82,206.86,41.37
10/1/2015,103,Latvia,335(334.94),366,-13,,175.6,175.6,188.73,94.37,147.6,44.28,103.44,20.69
10/1/2015,104,Canada,333(333.32),319,-2,,203.46,203.46,84.6,42.3,85.87,25.76,309,61.8
10/1/2015,105,Azerbaijan,328(328.23),291,5,,166.13,166.13,189.42,94.71,143.9,43.17,121.08,24.22
10/1/2015,105,Libya,328(328.09),333,-7,,112.37,112.37,168.43,84.22,218.01,65.4,330.48,66.1
10/1/2015,107,Mozambique,327(326.65),340,-12,,174.68,174.68,150.31,75.15,118.11,35.43,206.94,41.39
10/1/2015,108,Ethiopia,315(315.48),313,-5,,195.76,195.76,18.22,9.11,234.3,70.29,201.6,40.32
10/1/2015,109,Zimbabwe,313(312.61),298,-1,,168.11,168.11,156.16,78.08,111.86,33.56,164.32,32.86
10/1/2015,110,Georgia,308(307.53),180,37,,177.27,177.27,99.75,49.88,96.81,29.04,256.71,51.34
10/1/2015,111,Botswana,305(305.21),266,7,,134.23,134.23,196.59,98.3,186.13,55.84,84.18,16.84
10/1/2015,112,St. Kitts and Nevis,303(302.74),256,7,,174.86,174.86,153.85,76.93,66,19.8,155.76,31.15
10/1/2015,113,Burundi,302(302.09),218,21,,185.73,185.73,90.81,45.41,139.07,41.72,146.15,29.23
10/1/2015,114,Cyprus,300(299.95),386,-28,,106.07,106.07,307.74,153.87,58.13,17.44,112.86,22.57
10/1/2015,115,Aruba,299(299.27),201,22,,193.8,193.8,166.8,83.4,0,0,110.37,22.07
10/1/2015,116,Lithuania,298(297.88),294,-7,,143.4,143.4,194.77,97.39,140.94,42.28,74.07,14.81
10/1/2015,117,Cuba,294(294.26),280,-4,,169.15,169.15,26.1,13.05,363.55,109.07,14.96,2.99
10/1/2015,118,Belize,292(292.40),227,10,,248.63,248.63,0,0,82.54,24.76,95.04,19.01
10/1/2015,119,Dominican Republic,290(290.17),248,4,,124.31,124.31,63.75,31.88,276.67,83,254.89,50.98
10/1/2015,120,Niger,287(286.81),326,-19,,158.01,158.01,110.6,55.3,170.71,51.21,111.46,22.29
10/1/2015,121,Sierra Leone,286(285.81),304,-16,,89.52,89.52,149.75,74.88,223.35,67.01,271.98,54.4
10/1/2015,122,St. Vincent and the Grenadines,284(284.31),268,-6,,134.42,134.42,160.51,80.26,155.1,46.53,115.52,23.1
10/1/2015,123,Syria,283(283.16),251,-2,,212.69,212.69,64.5,32.25,110.21,33.06,25.8,5.16
10/1/2015,123,Bahrain,283(282.86),281,-11,,129.31,129.31,174.61,87.31,132.87,39.86,131.91,26.38
10/1/2015,125,Namibia,274(274.33),284,-14,,135.92,135.92,146.69,73.35,97.64,29.29,178.84,35.77
10/1/2015,126,Central African Republic,271(271.39),118,42,,172.13,172.13,21.5,10.75,0,0,442.54,88.51
10/1/2015,127,Madagascar,262(262.38),251,-6,,175.95,175.95,147.06,73.53,0,0,64.5,12.9
10/1/2015,128,Kuwait,260(260.39),235,-1,,140.22,140.22,100.68,50.34,148.75,44.63,125.99,25.2
10/1/2015,129,Korea DPR,252(252.02),237,-3,,163.6,163.6,0,0,102.2,30.66,288.8,57.76
10/1/2015,130,Palestine,246(246.01),256,-11,,89.05,89.05,219.65,109.83,88.03,26.41,103.6,20.72
10/1/2015,131,Kenya,245(245.12),268,-15,,94.51,94.51,142.56,71.28,143.3,42.99,181.68,36.34
10/1/2015,132,FYR Macedonia,239(239.44),305,-28,,83.28,83.28,51.03,25.52,319.38,95.81,174.16,34.83
10/1/2015,132,Moldova,239(238.51),245,-8,,82.5,82.5,196.07,98.04,146.28,43.88,70.44,14.09
10/1/2015,134,Philippines,238(238.09),241,-9,,123.61,123.61,109.58,54.79,116.1,34.83,124.32,24.86
10/1/2015,135,Swaziland,224(224.10),213,0,,169.27,169.27,93.38,46.69,27.14,8.14,0,0
10/1/2015,136,Tanzania,218(217.52),195,4,,78.93,78.93,152.19,76.09,126.88,38.06,122.2,24.44
10/1/2015,137,Guyana,210(209.87),165,17,,144.67,144.67,21.25,10.63,94.29,28.29,131.39,26.28
10/1/2015,138,Bermuda,209(209.35),220,-6,,153.91,153.91,0,0,0,0,277.2,55.44
10/1/2015,139,St. Lucia,208(208.26),222,-8,,72.72,72.72,147.75,73.87,182.95,54.89,33.88,6.78
10/1/2015,140,Lebanon,201(201.24),219,-7,,63.41,63.41,117.77,58.89,105.32,31.6,236.68,47.34
10/1/2015,140,Lesotho,201(200.63),227,-12,,59.89,59.89,185.13,92.57,106.94,32.08,80.45,16.09
10/1/2015,142,Kazakhstan,199(199.03),184,3,,80.49,80.49,120.84,60.42,139.17,41.75,81.86,16.37
10/1/2015,142,Luxembourg,199(198.68),194,-1,,87.56,87.56,104.85,52.42,150.45,45.14,67.79,13.56
10/1/2015,144,South Sudan,198(198.40),22,54,,175.95,175.95,36.98,18.49,0,0,19.78,3.96
10/1/2015,145,Thailand,196(196.12),201,-8,,143.18,143.18,15.82,7.91,107.3,32.19,64.19,12.84
10/1/2015,146,Kyrgyzstan,195(195.44),160,9,,110.07,110.07,63.65,31.83,178.46,53.54,0,0
10/1/2015,147,Guinea-Bissau,193(192.68),191,-5,,81.26,81.26,204.61,102.3,0,0,45.58,9.12
10/1/2015,148,New Zealand,188(187.52),209,-12,,27.54,27.54,36.39,18.2,317.33,95.2,232.9,46.58
10/1/2015,149,Vietnam,187(186.71),166,3,,96.99,96.99,122.15,61.08,38.22,11.47,85.86,17.17
10/1/2015,150,Afghanistan,183(183.06),226,-20,,69.82,69.82,94.6,47.3,160.06,48.02,89.61,17.92
10/1/2015,150,Guam,183(182.54),182,-4,,124.43,124.43,64.25,32.13,52.21,15.66,51.6,10.32
10/1/2015,152,Curaçao,181(180.69),178,-4,,91.14,91.14,121.6,60.8,0,0,143.73,28.75
10/1/2015,153,Hong Kong,180(179.77),169,-2,,123.1,123.1,7.08,3.54,119.76,35.93,86,17.2
10/1/2015,154,Barbados,175(174.89),186,-10,,144.31,144.31,29.33,14.66,0,0,79.59,15.92
10/1/2015,155,Turkmenistan,172(172.04),172,-6,,67.58,67.58,64.5,32.25,121.26,36.38,179.17,35.83
10/1/2015,156,Liechtenstein,170(170.10),171,-6,,147.4,147.4,0,0,59,17.7,25,5
10/1/2015,157,Singapore,164(164.49),159,0,,86.33,86.33,99.46,49.73,70.95,21.29,35.72,7.14
10/1/2015,157,Malta,164(164.24),154,3,,97.85,97.85,25,12.5,120.5,36.15,88.71,17.74
10/1/2015,159,Grenada,159(158.79),155,-1,,53.72,53.72,59.09,29.55,178.99,53.7,109.12,21.82
10/1/2015,160,Tajikistan,156(155.58),155,-2,,55.42,55.42,65.75,32.87,157.38,47.21,100.41,20.08
10/1/2015,161,Gambia,154(154.37),189,-18,,100.8,100.8,0,0,92.88,27.86,128.57,25.71
10/1/2015,162,Samoa,152(152.29),25,34,,127.5,127.5,0,0,0,0,123.96,24.79
10/1/2015,163,Myanmar,147(146.92),142,-1,,48.32,48.32,131.95,65.98,102.99,30.9,8.6,1.72
10/1/2015,164,American Samoa,144(144.50),17,35,,127.5,127.5,0,0,0,0,85,17
10/1/2015,165,Puerto Rico,134(134.10),166,-13,,76.33,76.33,45.9,22.95,0,0,174.08,34.82
10/1/2015,166,Cook Islands,132(131.75),4,39,,127.5,127.5,0,0,0,0,21.25,4.25
10/1/2015,167,India,128(128.21),160,-12,,66.79,66.79,45.24,22.62,86,25.8,64.98,13
10/1/2015,168,Mauritius,123(123.41),56,17,,107.34,107.34,0,0,53.57,16.07,0,0
10/1/2015,169,New Caledonia,120(120.03),120,-3,,0,0,0,0,229.5,68.85,255.91,51.18
10/1/2015,170,Timor-Leste,118(117.67),130,-7,,102.19,102.19,0,0,51.6,15.48,0,0
10/1/2015,171,Malaysia,111(111.31),115,-2,,45.79,45.79,73.17,36.58,64.5,19.35,47.97,9.59
10/1/2015,171,Indonesia,111(110.94),121,-6,,51.57,51.57,80,40,41.76,12.53,34.21,6.84
10/1/2015,173,Bhutan,106(106.25),128,-9,,106.25,106.25,0,0,0,0,0,0
10/1/2015,174,Dominica,102(101.50),98,-2,,76.39,76.39,28.23,14.11,0,0,55,11
10/1/2015,175,Chad,100(100.12),100,-4,,0,0,109.22,54.61,0,0,227.54,45.51
10/1/2015,176,Maldives,96(95.53),82,1,,0,0,109.34,54.67,80.41,24.12,83.68,16.74
10/1/2015,177,Pakistan,89(89.30),105,-7,,50.83,50.83,25.8,12.9,66.29,19.89,28.38,5.68
10/1/2015,178,US Virgin Islands,88(87.98),88,-2,,87.98,87.98,0,0,0,0,0,0
10/1/2015,179,Laos,85(85.03),92,-5,,44.91,44.91,39.56,19.78,67.81,20.34,0,0
10/1/2015,180,Yemen,82(81.98),90,-5,,55.82,55.82,30.64,15.32,0,0,54.18,10.84
10/1/2015,181,Suriname,79(79.10),120,-15,,0,0,47.65,23.83,97.68,29.3,129.85,25.97
10/1/2015,182,Bangladesh,77(76.64),95,-9,,51.21,51.21,8.6,4.3,58.97,17.69,17.2,3.44
10/1/2015,183,Chinese Taipei,69(69.17),72,-4,,40.33,40.33,30.44,15.22,21.5,6.45,35.83,7.17
10/1/2015,184,Seychelles,67(67.46),43,8,,34.9,34.9,65.11,32.56,0,0,0,0
10/1/2015,184,Montserrat,67(67.45),74,-6,,21.25,21.25,66,33,0,0,66,13.2
10/1/2015,186,Cambodia,66(66.05),66,-6,,66.05,66.05,0,0,0,0,0,0
10/1/2015,187,Brunei Darussalam,61(61.02),61,-5,,45.54,45.54,0,0,51.6,15.48,0,0
10/1/2015,188,Tahiti,60(60.02),61,-6,,0,0,0,0,48.27,14.48,227.68,45.54
10/1/2015,189,Fiji,60(59.50),64,-8,,51,51,0,0,0,0,42.5,8.5
10/1/2015,190,Nepal,51(50.91),56,-5,,29.75,29.75,0,0,52.68,15.8,26.8,5.36
10/1/2015,191,Sri Lanka,49(48.99),59,-7,,8.5,8.5,25.5,12.75,75.25,22.58,25.8,5.16
10/1/2015,191,Cayman Islands,49(48.84),49,-4,,42.5,42.5,0,0,0,0,31.68,6.34
10/1/2015,193,Comoros,48(48.43),48,-3,,13.77,13.77,64.16,32.08,8.6,2.58,0,0
10/1/2015,193,Macau,48(48.35),49,-6,,29.92,29.92,34,17,0,0,7.17,1.43
10/1/2015,193,São Tomé e Príncipe,48(48.02),48,-3,,0,0,0,0,0,0,240.08,48.02
10/1/2015,196,San Marino,35(34.65),40,-3,,34.65,34.65,0,0,0,0,0,0
10/1/2015,197,Turks and Caicos Islands,33(33.00),33,-3,,0,0,66,33,0,0,0,0
10/1/2015,197,Solomon Islands,33(32.97),49,-10,,0,0,0,0,0,0,164.84,32.97
10/1/2015,199,British Virgin Islands,27(26.53),27,-4,,21.25,21.25,0,0,0,0,26.4,5.28
10/1/2015,200,Tonga,17(17.00),17,-1,,0,0,0,0,0,0,85,17
10/1/2015,201,Vanuatu,13(12.75),23,-4,,0,0,0,0,0,0,63.75,12.75
10/1/2015,202,Eritrea,8(7.57),8,-1,,0,0,0,0,0,0,37.84,7.57
10/1/2015,203,Mongolia,6(6.45),6,-1,,0,0,0,0,21.5,6.45,0,0
10/1/2015,203,Somalia,6(5.59),6,-1,,0,0,0,0,0,0,27.95,5.59
10/1/2015,205,Andorra,5(5.49),6,-3,,0,0,0,0,9.63,2.89,13,2.6
10/1/2015,206,Djibouti,4(4.30),4,-1,,0,0,0,0,0,0,21.5,4.3
10/1/2015,206,Papua New Guinea,4(4.25),4,-1,,0,0,0,0,0,0,21.25,4.25
10/1/2015,208,Anguilla,0(0.00),0,0,,0,0,0,0,0,0,0,0
10/1/2015,208,Bahamas,0(0.00),0,0,,0,0,0,0,0,0,0,0
10/23/2014,1,Germany,1669(1668.83),1765,0,,1038.02,1038.02,566.64,283.32,751,225.3,610.96,122.19
10/23/2014,2,Argentina,1565(1564.51),1631,0,,949.24,949.24,583.64,291.82,809.86,242.96,402.45,80.49
10/23/2014,3,Colombia,1420(1420.20),1488,0,,790.3,790.3,636.15,318.08,729.69,218.91,464.54,92.91
10/23/2014,4,Belgium,1388(1388.08),1444,1,,778.13,778.13,718.22,359.11,549.95,164.99,429.25,85.85
10/23/2014,5,Netherlands,1375(1374.53),1456,-1,,860.24,860.24,562.68,281.34,396.79,119.04,569.55,113.91
10/23/2014,6,Brazil,1307(1307.29),1291,0,,799.92,799.92,624.11,312.06,391.47,117.44,389.36,77.87
10/23/2014,7,France,1191(1191.23),1202,2,,748.38,748.38,405.24,202.62,452.27,135.68,522.75,104.55
10/23/2014,8,Uruguay,1184(1184.11),1243,-1,,622.61,622.61,616.9,308.45,414.32,124.3,643.76,128.75
10/23/2014,9,Portugal,1175(1174.69),1150,2,,662.42,662.42,440.74,220.37,645.58,193.67,491.17,98.23
10/23/2014,10,Spain,1119(1118.61),1228,-2,,395.19,395.19,726.83,363.42,763.94,229.18,654.09,130.82
10/23/2014,11,Italy,1064(1063.79),1068,2,,472.98,472.98,549.6,274.8,618.6,185.58,652.14,130.43
10/23/2014,12,Switzerland,1063(1063.15),1175,-2,,484.33,484.33,669.63,334.81,500.85,150.26,468.75,93.75
10/23/2014,13,Chile,1060(1059.77),1100,-1,,539.82,539.82,631.58,315.79,374.51,112.35,459.03,91.81
10/23/2014,14,Croatia,1002(1001.79),928,5,,549.33,549.33,362.34,181.17,578.54,173.56,488.65,97.73
10/23/2014,15,Algeria,989(989.11),926,5,,606.95,606.95,307.15,153.58,540.35,162.1,332.38,66.48
10/23/2014,16,Costa Rica,974(974.02),988,-1,,587.47,587.47,517.68,258.84,250.93,75.28,262.14,52.43
10/23/2014,17,Mexico,954(954.48),963,-1,,508.55,508.55,372.56,186.28,546.94,164.08,477.87,95.57
10/23/2014,18,Greece,946(945.89),1052,-4,,460.01,460.01,472.11,236.06,470.96,141.29,542.63,108.53
10/23/2014,19,Ukraine,920(920.17),855,5,,490.1,490.1,604.3,302.15,305.54,91.66,181.31,36.26
10/23/2014,20,England,919(919.32),935,-2,,392.41,392.41,496.41,248.2,601.57,180.47,491.2,98.24
10/23/2014,21,Romania,876(875.71),837,5,,475.21,475.21,437.36,218.68,391.2,117.36,322.31,64.46
10/23/2014,22,Czech Republic,870(869.55),812,6,,468.32,468.32,392.5,196.25,521.11,156.33,243.23,48.65
10/23/2014,23,USA,862(861.96),936,-6,,337.65,337.65,684.93,342.47,407.37,122.21,298.14,59.63
10/23/2014,24,Slovakia,861(860.93),616,16,,622.87,622.87,229.85,114.93,287.81,86.34,183.95,36.79
10/23/2014,25,Côte d'Ivoire,842(841.89),879,-3,,378.9,378.9,437.39,218.69,519.66,155.9,441.98,88.4
10/23/2014,26,Bosnia and Herzegovina,837(837.17),851,-1,,346.68,346.68,561.28,280.64,299.68,89.9,599.73,119.95
10/23/2014,27,Ecuador,826(825.99),889,-6,,358.88,358.88,400.36,200.18,685.26,205.58,306.73,61.35
10/23/2014,28,Iceland,816(815.54),646,6,,485.96,485.96,439.44,219.72,251.67,75.5,171.79,34.36
10/23/2014,29,Austria,810(809.81),622,10,,522.1,522.1,361.75,180.88,250.13,75.04,158.95,31.79
10/23/2014,30,Russia,792(791.70),875,-7,,355.96,355.96,326.96,163.48,606.68,182,451.29,90.26
10/23/2014,31,Tunisia,780(780.49),701,0,,463.62,463.62,336.37,168.18,336.12,100.84,239.24,47.85
10/23/2014,32,Denmark,763(763.21),833,-5,,342.54,342.54,395.3,197.65,333.53,100.06,614.78,122.96
10/23/2014,33,Cape Verde Islands,716(715.87),604,8,,383.36,383.36,395.44,197.72,256.93,77.08,288.53,57.71
10/23/2014,34,Wales,715(715.40),714,-5,,375.21,375.21,372.44,186.22,201,60.3,468.33,93.67
10/23/2014,35,Ghana,685(684.74),661,-2,,274.98,274.98,474.75,237.37,397.77,119.33,265.29,53.06
10/23/2014,36,Slovenia,683(683.34),555,17,,340.28,340.28,451.05,225.53,185.31,55.59,309.72,61.94
10/23/2014,37,Scotland,674(674.40),714,-8,,308.55,308.55,471.83,235.92,194.57,58.37,357.8,71.56
10/23/2014,38,Egypt,658(657.82),513,23,,393.19,393.19,290.64,145.32,235.46,70.64,243.34,48.67
10/23/2014,39,Sweden,646(645.91),662,-7,,208.01,208.01,424.42,212.21,349.31,104.79,604.49,120.9
10/23/2014,40,Cameroon,637(636.78),601,2,,357.1,357.1,316.59,158.3,245.14,73.54,239.19,47.84
10/23/2014,41,Senegal,635(634.75),645,-5,,366.78,366.78,268.48,134.24,164.34,49.3,422.14,84.43
10/23/2014,42,Nigeria,632(631.79),642,-5,,280.72,280.72,450.44,225.22,248.72,74.62,256.15,51.23
10/23/2014,43,Northern Ireland,625(624.80),435,28,,437.55,437.55,244.25,122.13,142.58,42.77,111.74,22.35
10/23/2014,44,Poland,621(621.21),436,26,,362.58,362.58,197.08,98.54,334.73,100.42,298.35,59.67
10/23/2014,45,Israel,615(615.33),498,19,,340.91,340.91,299.6,149.8,159.31,47.79,384.17,76.83
10/23/2014,46,Turkey,614(614.27),637,-8,,285.42,285.42,335.83,167.92,267.79,80.34,402.97,80.59
10/23/2014,46,Serbia,614(613.92),646,-12,,232.15,232.15,476.23,238.12,189.08,56.72,434.67,86.93
10/23/2014,48,Albania,604(604.10),571,-3,,329.36,329.36,300.67,150.33,263.16,78.95,227.3,45.46
10/23/2014,49,Trinidad and Tobago,598(597.95),374,37,,353.11,353.11,223.03,111.51,259.29,77.79,277.71,55.54
10/23/2014,50,Hungary,561(561.34),548,4,,229.84,229.84,260.48,130.24,395.72,118.72,412.7,82.54
10/23/2014,51,Iran,560(560.09),572,-7,,243.02,243.02,296.74,148.37,305.5,91.65,385.24,77.05
10/23/2014,52,Japan,559(558.79),557,-4,,237.23,237.23,220.65,110.33,344.44,103.33,539.52,107.9
10/23/2014,52,Togo,559(558.70),245,73,,308.55,308.55,257.25,128.62,295.27,88.58,164.76,32.95
10/23/2014,54,Peru,558(558.28),563,-7,,208.92,208.92,364.62,182.31,234.82,70.45,482.98,96.6
10/23/2014,55,Guinea,552(551.63),557,-7,,309.5,309.5,253.51,126.75,271.92,81.57,169.04,33.81
10/23/2014,56,Panama,546(546.16),540,-1,,191.36,191.36,392.42,196.21,311.76,93.53,325.32,65.06
10/23/2014,57,South Africa,542(542.45),458,10,,285.19,285.19,309.6,154.8,130.56,39.17,316.43,63.29
10/23/2014,58,Mali,533(533.39),526,1,,179.23,179.23,293.75,146.88,535.27,160.58,233.49,46.7
10/23/2014,59,Bulgaria,532(531.63),570,-13,,276.32,276.32,196.63,98.32,433.69,130.11,134.39,26.88
10/23/2014,60,Congo DR,521(521.03),430,13,,303.62,303.62,235.39,117.69,245.28,73.58,130.72,26.14
10/23/2014,61,Republic of Ireland,519(519.10),506,1,,237.44,237.44,209.69,104.85,281.13,84.34,462.35,92.47
10/23/2014,62,Congo,512(512.37),557,-14,,306.8,306.8,208.44,104.22,294.82,88.45,64.5,12.9
10/23/2014,63,Finland,510(510.16),491,2,,228.13,228.13,343.65,171.83,199.84,59.95,251.25,50.25
10/23/2014,64,Montenegro,504(504.48),591,-21,,242.72,242.72,228.69,114.34,344.63,103.39,220.14,44.03
10/23/2014,65,Uzbekistan,498(497.68),530,-7,,192.07,192.07,333.25,166.63,271.67,81.5,287.4,57.48
10/23/2014,66,Korea Republic,496(495.77),501,-3,,202.52,202.52,204.15,102.08,333.42,100.03,455.68,91.14
10/23/2014,67,Gabon,487(486.92),392,16,,275.64,275.64,175.91,87.95,334.26,100.28,115.24,23.05
10/23/2014,68,Norway,481(480.79),421,8,,191.83,191.83,237.65,118.82,322.6,96.78,366.78,73.36
10/23/2014,69,Honduras,480(480.18),535,-13,,106.95,106.95,459.32,229.66,295.9,88.77,274,54.8
10/23/2014,70,Antigua and Barbuda,478(478.13),411,10,,316.63,316.63,159.72,79.86,88.7,26.61,275.15,55.03
10/23/2014,71,Burkina Faso,469(469.49),557,-23,,192.03,192.03,403.24,201.62,113.84,34.15,208.43,41.69
10/23/2014,72,Guatemala,466(465.63),534,-15,,300.9,300.9,49.02,24.51,306.05,91.82,242,48.4
10/23/2014,73,Libya,440(440.05),455,-5,,168.43,168.43,239.81,119.91,305.33,91.6,300.57,60.11
10/23/2014,74,Jordan,434(434.31),450,-5,,183.98,183.98,271.11,135.56,205.87,61.76,265.05,53.01
10/23/2014,75,Armenia,432(431.74),556,-23,,97.74,97.74,446,223,124.79,37.44,367.81,73.56
10/23/2014,76,Paraguay,423(422.65),514,-16,,121.23,121.23,273.1,136.55,314.42,94.33,352.72,70.54
10/23/2014,77,Sierra Leone,421(421.23),424,-2,,154.93,154.93,205.04,102.52,273.59,82.08,408.5,81.7
10/23/2014,78,Zambia,418(417.65),365,10,,153.15,153.15,168.67,84.33,448.95,134.68,227.47,45.49
10/23/2014,79,United Arab Emirates,413(412.54),430,-6,,171.15,171.15,328.17,164.09,179.55,53.86,117.18,23.44
10/23/2014,80,Dominican Republic,405(405.44),295,27,,152.09,152.09,276.67,138.34,242,72.6,212.03,42.41
10/23/2014,81,Iraq,393(393.10),357,9,,227.04,227.04,118.8,59.4,209.46,62.84,219.12,43.82
10/23/2014,82,El Salvador,392(391.67),431,-10,,167.59,167.59,210.44,105.22,197.89,59.37,297.45,59.49
10/23/2014,83,Oman,391(391.05),421,-7,,193.88,193.88,179.82,89.91,259.32,77.8,147.32,29.46
10/23/2014,84,Uganda,389(389.27),418,-5,,182.06,182.06,215.43,107.72,235.83,70.75,143.7,28.74
10/23/2014,85,Venezuela,388(387.75),476,-19,,28.86,28.86,401.53,200.77,278.81,83.64,372.42,74.48
10/23/2014,86,Benin,375(374.84),420,-8,,191.44,191.44,165.12,82.56,320.35,96.11,23.65,4.73
10/23/2014,87,Angola,373(373.06),312,14,,179.02,179.02,146.09,73.04,256.61,76.98,220.11,44.02
10/23/2014,88,Estonia,369(369.33),403,-7,,197.89,197.89,126.93,63.47,148.63,44.59,316.89,63.38
10/23/2014,88,China PR,369(368.96),341,9,,184.71,184.71,140.67,70.33,195.27,58.58,276.71,55.34
10/23/2014,88,Morocco,369(368.52),371,-1,,117.46,117.46,231,115.5,212.31,63.69,359.34,71.87
10/23/2014,88,Qatar,369(368.52),342,8,,206.42,206.42,143.46,71.73,152.71,45.81,222.81,44.56
10/23/2014,92,Lithuania,364(364.33),309,11,,222.11,222.11,173.75,86.88,111.69,33.51,109.17,21.83
10/23/2014,93,Haiti,360(360.17),266,26,,99.03,99.03,216.68,108.34,357.72,107.32,227.39,45.48
10/23/2014,94,Australia,359(359.27),390,-10,,87.59,87.59,208.3,104.15,284.27,85.28,411.25,82.25
10/23/2014,95,Rwanda,356(356.17),349,-2,,227.74,227.74,93.05,46.52,163.76,49.13,163.89,32.78
10/23/2014,96,Cyprus,348(348.03),388,-11,,243.15,243.15,106.56,53.28,112.86,33.86,88.68,17.74
10/23/2014,97,Mozambique,341(340.66),294,12,,201.24,201.24,126.54,63.27,180.06,54.02,110.65,22.13
10/23/2014,97,Saudi Arabia,341(340.65),402,-15,,176.91,176.91,187.16,93.58,152.36,45.71,122.26,24.45
10/23/2014,99,FYR Macedonia,340(340.27),286,13,,128.46,128.46,215,107.5,268.61,80.58,118.65,23.73
10/23/2014,99,Latvia,340(340.18),333,0,,195.1,195.1,145.1,72.55,103.44,31.03,207.5,41.5
10/23/2014,101,Zimbabwe,330(329.59),353,-9,,153.96,153.96,119.85,59.92,164.32,49.3,332.05,66.41
10/23/2014,102,Botswana,323(322.92),356,-11,,160.85,160.85,200.45,100.22,79.5,23.85,189.99,38
10/23/2014,103,Bolivia,310(310.11),346,-9,,37.6,37.6,228.93,114.46,462.06,138.62,97.13,19.43
10/23/2014,104,Bahrain,308(308.33),305,0,,175.93,175.93,143.12,71.56,125.74,37.72,115.6,23.12
10/23/2014,105,St. Vincent and the Grenadines,302(301.52),301,1,,179.51,179.51,103.71,51.86,172.32,51.69,92.32,18.46
10/23/2014,106,Belarus,301(300.89),364,-17,,98.85,98.85,193.62,96.81,217.51,65.25,199.9,39.98
10/23/2014,107,Sudan,298(297.62),221,26,,196.28,196.28,60.32,30.16,133.6,40.08,155.52,31.1
10/23/2014,107,Sudan,298(297.62),221,26,,196.28,196.28,60.32,30.16,133.6,40.08,155.52,31.1
10/23/2014,108,Palestine,297(296.69),311,-6,,201.22,201.22,88.03,44.02,111,33.3,90.73,18.15
10/23/2014,109,Malawi,292(292.47),340,-11,,167.44,167.44,94.47,47.23,139.02,41.71,180.46,36.09
10/23/2014,110,Tanzania,291(290.94),277,5,,163.54,163.54,126.88,63.44,130.35,39.1,124.3,24.86
10/23/2014,111,Ethiopia,289(288.81),222,21,,91.6,91.6,198.47,99.23,239.71,71.91,130.37,26.07
10/23/2014,112,Cuba,286(285.76),257,10,,26.1,26.1,401.72,200.86,46.51,13.95,224.27,44.85
10/23/2014,113,Namibia,284(284.06),284,0,,146.69,146.69,97.64,48.82,178.84,53.65,174.51,34.9
10/23/2014,113,Jamaica,284(283.81),321,-13,,41.2,41.2,164.4,82.2,292.25,87.67,363.69,72.74
10/23/2014,115,St. Kitts and Nevis,279(279.10),276,2,,188.28,188.28,0,0,175.56,52.67,190.74,38.15
10/23/2014,116,Kenya,273(272.62),288,-5,,129.6,129.6,152.85,76.43,160.53,48.16,92.13,18.43
10/23/2014,117,Georgia,271(270.91),290,-7,,99.75,99.75,73.91,36.96,259.63,77.89,281.56,56.31
10/23/2014,118,Lesotho,266(265.69),277,-3,,170.6,170.6,114.65,57.33,78.17,23.45,71.55,14.31
10/23/2014,119,Moldova,262(262.45),302,-14,,93.2,93.2,246.56,123.28,114.33,34.3,58.33,11.67
10/23/2014,120,Kuwait,261(260.89),250,4,,111.62,111.62,148.5,74.25,127.58,38.27,183.74,36.75
10/23/2014,121,Niger,258(257.60),295,-14,,112.7,112.7,89.53,44.76,206.17,61.85,191.45,38.29
10/23/2014,122,Canada,251(250.56),265,-2,,84.6,84.6,58.82,29.41,300.4,90.12,232.14,46.43
10/23/2014,123,Liberia,249(249.00),241,3,,76.11,76.11,143.93,71.96,193.24,57.97,214.82,42.96
10/23/2014,124,Lebanon,246(246.33),264,-3,,98.1,98.1,107.85,53.93,230.39,69.12,125.89,25.18
10/23/2014,125,Equatorial Guinea,238(238.18),280,-11,,78.69,78.69,67.94,33.97,332.19,99.66,129.29,25.86
10/23/2014,126,Azerbaijan,233(233.27),344,-31,,43.03,43.03,261.26,130.63,134.53,40.36,96.25,19.25
10/23/2014,126,Luxembourg,233(233.21),239,1,,104.85,104.85,150.45,75.23,59.31,17.79,176.69,35.34
10/23/2014,128,Burundi,232(231.83),226,2,,90.81,90.81,139.07,69.54,167.02,50.11,106.86,21.37
10/23/2014,129,Philippines,229(228.74),218,5,,117.3,117.3,120.4,60.2,123.12,36.94,71.5,14.3
10/23/2014,130,Guinea-Bissau,226(226.19),226,0,,204.61,204.61,0,0,45.58,13.67,39.56,7.91
10/23/2014,131,New Zealand,225(224.94),274,-13,,23.09,23.09,232.25,116.12,271.64,81.49,21.2,4.24
10/23/2014,132,Kazakhstan,218(217.68),239,-5,,102.98,102.98,113.89,56.94,88.29,26.49,156.35,31.27
10/23/2014,132,Aruba,218(217.51),233,-3,,166.8,166.8,0,0,110.37,33.11,88,17.6
10/23/2014,134,Tajikistan,214(213.96),213,2,,65.75,65.75,157.38,78.69,114.75,34.42,175.52,35.1
10/23/2014,134,Afghanistan,214(213.87),214,1,,94.6,94.6,160.06,80.03,89.61,26.88,61.81,12.36
10/23/2014,136,Vietnam,208(207.98),194,6,,123.54,123.54,53.84,26.92,93.02,27.91,148.03,29.61
10/23/2014,137,Myanmar,207(207.06),193,6,,121.02,121.02,100.73,50.36,94.6,28.38,36.52,7.3
10/23/2014,138,Turkmenistan,197(197.25),197,3,,64.5,64.5,121.26,60.63,179.17,53.75,91.85,18.37
10/23/2014,138,St. Lucia,197(196.86),256,-15,,107.45,107.45,116.95,58.48,66,19.8,55.63,11.13
10/23/2014,140,Mauritania,195(195.48),198,0,,117.16,117.16,156.64,78.32,0,0,0,0
10/23/2014,141,Chad,194(193.89),185,3,,109.22,109.22,0,0,220.59,66.18,92.45,18.49
10/23/2014,142,Maldives,183(183.35),183,3,,109.34,109.34,80.41,40.21,83.68,25.11,43.43,8.69
10/23/2014,143,Madagascar,180(179.74),180,3,,147.06,147.06,0,0,64.5,19.35,66.65,13.33
10/23/2014,144,Central African Republic,178(178.09),209,-7,,21.5,21.5,0,0,442.54,132.76,119.17,23.83
10/23/2014,145,Grenada,176(176.24),209,-8,,59.09,59.09,178.99,89.5,0,0,138.24,27.65
10/23/2014,146,Barbados,172(171.52),112,15,,135.15,135.15,0,0,102.33,30.7,28.36,5.67
10/23/2014,147,Curaçao,171(170.95),164,1,,121.6,121.6,0,0,132,39.6,48.75,9.75
10/23/2014,148,Korea DPR,168(168.06),160,2,,0,0,102.2,51.1,317.68,95.31,108.27,21.65
10/23/2014,149,Suriname,167(166.84),175,-2,,47.65,47.65,97.68,48.84,119.81,35.94,172.04,34.41
10/23/2014,150,Kyrgyzstan,158(158.04),158,1,,63.65,63.65,178.46,89.23,0,0,25.8,5.16
10/23/2014,151,Syria,154(153.60),154,1,,64.5,64.5,100.19,50.1,25.8,7.74,156.29,31.26
10/23/2014,152,Guyana,148(147.51),148,1,,21.25,21.25,132,66,90.58,27.17,165.43,33.09
10/23/2014,153,New Caledonia,142(142.28),209,-16,,0,0,79.05,39.53,282.63,84.79,89.81,17.96
10/23/2014,154,Laos,141(141.11),84,15,,82.9,82.9,58.05,29.03,60.2,18.06,55.59,11.12
10/23/2014,155,Liechtenstein,136(135.84),81,17,,55.51,55.51,59,29.5,21.43,6.43,222,44.4
10/23/2014,156,Malaysia,134(133.61),134,-2,,62.42,62.42,67.64,33.82,62.3,18.69,93.42,18.68
10/23/2014,157,Indonesia,129(128.71),130,-1,,66.29,66.29,60.15,30.08,33.86,10.16,110.91,22.18
10/23/2014,157,Malta,129(128.67),133,-2,,25,25,108.45,54.23,103.5,31.05,91.93,18.39
10/23/2014,159,Puerto Rico,119(119.38),126,-2,,45.9,45.9,0,0,166.32,49.9,117.92,23.58
10/23/2014,159,India,119(118.71),116,-1,,45.24,45.24,94.6,47.3,61.16,18.35,39.1,7.82
10/23/2014,161,Singapore,115(115.44),163,-12,,42.69,42.69,88.4,44.2,38.97,11.69,84.31,16.86
10/23/2014,162,Guam,111(110.97),102,2,,64.25,64.25,52.21,26.11,51.6,15.48,25.65,5.13
10/23/2014,163,Hong Kong,109(108.76),102,1,,24.65,24.65,119.76,59.88,51.6,15.48,43.75,8.75
10/23/2014,164,Swaziland,103(103.19),114,-4,,80.04,80.04,16.46,8.23,25.8,7.74,35.89,7.18
10/23/2014,165,Thailand,102(101.63),116,-7,,15.82,15.82,99.64,49.82,25.8,7.74,141.26,28.25
10/23/2014,166,Tahiti,100(99.71),106,-4,,0,0,67.58,33.79,177.08,53.12,63.99,12.8
10/23/2014,167,Belize,99(98.92),103,-4,,0,0,82.54,41.27,95.04,28.51,145.69,29.14
10/23/2014,168,Gambia,90(90.34),101,-2,,0,0,92.88,46.44,60.2,18.06,129.18,25.84
10/23/2014,168,Nicaragua,90(89.66),83,2,,0,0,49.72,24.86,168.78,50.64,70.79,14.16
10/23/2014,170,Montserrat,86(85.80),86,-2,,66,66,0,0,66,19.8,0,0
10/23/2014,171,Seychelles,81(80.59),81,1,,65.11,65.11,0,0,0,0,77.4,15.48
10/23/2014,172,Bermuda,80(80.25),83,-2,,0,0,0,0,137.28,41.18,195.36,39.07
10/23/2014,172,Comoros,80(79.64),80,2,,64.16,64.16,8.6,4.3,0,0,55.9,11.18
10/23/2014,174,Sri Lanka,76(76.50),76,2,,25.5,25.5,75.25,37.63,25.8,7.74,28.13,5.63
10/23/2014,175,São Tomé e Príncipe,72(72.02),72,2,,0,0,0,0,240.08,72.02,0,0
10/23/2014,176,Bangladesh,68(68.44),65,5,,8.6,8.6,58.97,29.49,17.2,5.16,125.93,25.19
10/23/2014,177,Turks and Caicos Islands,66(66.00),66,3,,66,66,0,0,0,0,0,0
10/23/2014,178,Yemen,62(61.80),58,6,,35.75,35.75,0,0,54.18,16.25,49.02,9.8
10/23/2014,179,Nepal,61(61.30),62,4,,0,0,52.68,26.34,29.24,8.77,130.94,26.19
10/23/2014,180,Solomon Islands,53(53.38),64,2,,0,0,0,0,128.21,38.46,74.62,14.92
10/23/2014,180,Dominica,53(53.09),89,-13,,28.23,28.23,0,0,66,19.8,25.3,5.06
10/23/2014,182,Pakistan,51(51.30),77,-7,,0,0,66.04,33.02,28.38,8.51,48.85,9.77
10/23/2014,182,Timor-Leste,51(50.67),26,11,,35.19,35.19,0,0,51.6,15.48,0,0
10/23/2014,184,Macau,49(48.94),41,2,,42.67,42.67,0,0,8.6,2.58,18.43,3.69
10/23/2014,185,Cambodia,46(45.74),13,14,,31.88,31.88,0,0,0,0,69.28,13.86
10/23/2014,186,South Sudan,43(42.91),43,-1,,36.98,36.98,0,0,19.78,5.93,0,0
10/23/2014,187,Faroe Islands,42(41.88),67,-8,,0,0,21.25,10.63,0,0,156.25,31.25
10/23/2014,188,Chinese Taipei,39(38.89),70,-10,,0,0,33.64,16.82,34.4,10.32,58.77,11.75
10/23/2014,189,Samoa,37(37.19),37,-2,,0,0,0,0,123.96,37.19,0,0
10/23/2014,190,Vanuatu,33(33.05),33,-2,,0,0,0,0,63.75,19.13,69.61,13.92
10/23/2014,191,Mauritius,32(32.16),32,-2,,0,0,53.57,26.78,0,0,26.88,5.38
10/23/2014,192,Fiji,30(29.75),30,-2,,0,0,0,0,42.5,12.75,85,17
10/23/2014,193,Mongolia,29(28.81),29,-2,,0,0,21.5,10.75,0,0,90.3,18.06
10/23/2014,194,Bahamas,26(26.40),26,-1,,0,0,0,0,0,0,132,26.4
10/23/2014,194,Tonga,26(25.50),26,-1,,0,0,0,0,85,25.5,0,0
10/23/2014,194,American Samoa,26(25.50),26,-1,,0,0,0,0,85,25.5,0,0
10/23/2014,197,US Virgin Islands,20(20.11),28,-5,,0,0,0,0,0,0,100.57,20.11
10/23/2014,198,Brunei Darussalam,15(15.48),26,-5,,0,0,0,0,51.6,15.48,0,0
10/23/2014,199,Papua New Guinea,13(13.18),13,0,,0,0,0,0,21.25,6.38,34,6.8
10/23/2014,200,Eritrea,11(11.35),11,2,,0,0,0,0,37.84,11.35,0,0
10/23/2014,201,Cayman Islands,10(9.50),23,-3,,0,0,0,0,31.68,9.5,0,0
10/23/2014,202,Andorra,9(8.71),9,1,,0,0,9.63,4.81,13,3.9,0,0
10/23/2014,203,Somalia,8(8.39),8,1,,0,0,0,0,27.95,8.39,0,0
10/23/2014,203,British Virgin Islands,8(7.92),13,-4,,0,0,0,0,26.4,7.92,0,0
10/23/2014,205,Djibouti,6(6.45),6,0,,0,0,0,0,21.5,6.45,0,0
10/23/2014,205,Cook Islands,6(6.38),6,0,,0,0,0,0,21.25,6.38,0,0
10/23/2014,207,Anguilla,2(1.76),1,0,,0,0,0,0,0,0,8.8,1.76
10/23/2014,208,Bhutan,0(0.00),0,0,,0,0,0,0,0,0,0,0
10/23/2014,208,San Marino,0(0.00),0,0,,0,0,0,0,0,0,0,0
10/17/2013,1,Spain,1513(1513.42),1514,0,,726.83,726.83,763.94,381.97,654.09,196.23,1041.95,208.39
10/17/2013,2,Germany,1311(1310.84),1261,1,,566.64,566.64,751,375.5,610.96,183.29,927.06,185.41
10/17/2013,3,Argentina,1266(1266.41),1263,-1,,583.64,583.64,809.86,404.93,402.45,120.74,785.48,157.1
10/17/2013,4,Colombia,1178(1178.29),1180,1,,636.15,636.15,729.69,364.84,464.54,139.36,189.7,37.94
10/17/2013,5,Belgium,1175(1175.22),1159,1,,718.22,718.22,549.95,274.98,429.25,128.78,266.21,53.24
10/17/2013,6,Uruguay,1164(1164.33),1126,1,,616.9,616.9,414.32,207.16,643.76,193.13,735.7,147.14
10/17/2013,7,Switzerland,1138(1137.70),992,7,,669.63,669.63,500.85,250.43,468.75,140.63,385.03,77.01
10/17/2013,8,Netherlands,1136(1135.95),1058,1,,562.68,562.68,396.79,198.39,569.55,170.87,1020.07,204.01
10/17/2013,8,Italy,1136(1135.61),1199,-4,,549.6,549.6,618.6,309.3,652.14,195.64,405.36,81.07
10/17/2013,10,England,1080(1079.82),947,7,,485.46,485.46,619.77,309.88,491.2,147.36,685.58,137.12
10/17/2013,11,Brazil,1078(1077.90),1067,-3,,624.11,624.11,391.47,195.74,389.36,116.81,706.19,141.24
10/17/2013,12,Chile,1051(1050.94),967,4,,631.58,631.58,374.51,187.25,459.03,137.71,472.01,94.4
10/17/2013,13,USA,1040(1039.79),996,0,,684.93,684.93,407.37,203.68,298.14,89.44,308.72,61.74
10/17/2013,14,Portugal,1036(1036.00),1029,-3,,440.74,440.74,645.58,322.79,491.17,147.35,625.58,125.12
10/17/2013,15,Greece,983(983.08),1016,-3,,472.11,472.11,470.96,235.48,542.63,162.79,563.52,112.7
10/17/2013,16,Bosnia and Herzegovina,925(924.98),934,2,,561.28,561.28,299.68,149.84,599.73,179.92,169.68,33.94
10/17/2013,17,Côte d'Ivoire,917(917.30),902,2,,437.39,437.39,519.66,259.83,441.98,132.59,437.47,87.49
10/17/2013,18,Croatia,901(900.84),1051,-8,,362.34,362.34,578.54,289.27,488.65,146.6,513.17,102.63
10/17/2013,19,Russia,874(874.45),968,-4,,326.96,326.96,606.68,303.34,451.29,135.39,543.81,108.76
10/17/2013,20,Ukraine,871(871.07),799,6,,604.3,604.3,305.54,152.77,181.31,54.39,298.03,59.61
10/17/2013,21,France,870(869.91),812,4,,405.24,405.24,452.27,226.14,522.75,156.83,408.52,81.7
10/17/2013,22,Ecuador,862(861.51),851,-2,,400.36,400.36,685.26,342.63,306.73,92.02,132.49,26.5
10/17/2013,23,Ghana,860(859.52),815,1,,474.75,474.75,397.77,198.88,265.29,79.59,531.5,106.3
10/17/2013,24,Mexico,854(853.72),837,-3,,372.56,372.56,546.94,273.47,477.87,143.36,321.67,64.33
10/17/2013,25,Sweden,850(850.35),836,-3,,424.42,424.42,349.31,174.65,604.49,181.35,349.66,69.93
10/17/2013,26,Denmark,824(824.45),825,-3,,395.3,395.3,333.53,166.77,614.78,184.43,389.76,77.95
10/17/2013,27,Czech Republic,783(783.30),738,5,,392.5,392.5,521.11,260.55,243.23,72.97,286.42,57.28
10/17/2013,28,Serbia,778(778.34),666,15,,476.23,476.23,189.08,94.54,434.67,130.4,385.84,77.17
10/17/2013,29,Romania,767(767.44),739,2,,437.36,437.36,391.2,195.6,322.31,96.69,188.94,37.79
10/17/2013,30,Slovenia,752(751.85),754,-1,,451.05,451.05,185.31,92.66,309.72,92.92,576.1,115.22
10/17/2013,31,Costa Rica,744(743.92),733,2,,517.68,517.68,250.93,125.47,262.14,78.64,110.63,22.13
10/17/2013,32,Algeria,741(740.74),762,-4,,307.15,307.15,540.35,270.17,332.38,99.71,318.53,63.71
10/17/2013,33,Nigeria,724(724.34),707,3,,450.44,450.44,248.72,124.36,256.15,76.84,363.51,72.7
10/17/2013,34,Honduras,720(720.12),680,6,,459.32,459.32,295.9,147.95,274,82.2,153.27,30.65
10/17/2013,35,Scotland,715(714.66),551,28,,471.83,471.83,194.57,97.28,357.8,107.34,191.07,38.21
10/17/2013,36,Panama,702(702.15),727,-1,,392.42,392.42,311.76,155.88,325.32,97.6,281.27,56.25
10/17/2013,37,Venezuela,692(691.82),707,-1,,401.53,401.53,278.81,139.41,372.42,111.73,195.76,39.15
10/17/2013,38,Armenia,687(686.85),592,17,,446,446,124.79,62.39,367.81,110.34,340.59,68.12
10/17/2013,39,Peru,686(686.10),732,-5,,364.62,364.62,234.82,117.41,482.98,144.89,295.88,59.18
10/17/2013,40,Turkey,670(670.16),613,9,,335.83,335.83,267.79,133.9,402.97,120.89,397.71,79.54
10/17/2013,41,Mali,668(668.47),704,-3,,293.75,293.75,535.27,267.64,233.49,70.05,185.15,37.03
10/17/2013,42,Cape Verde Islands,662(662.21),660,2,,395.44,395.44,256.93,128.46,288.53,86.56,258.76,51.75
10/17/2013,43,Hungary,636(635.83),744,-13,,260.48,260.48,395.72,197.86,412.7,123.81,268.39,53.68
10/17/2013,44,Japan,634(634.43),671,-2,,220.65,220.65,344.44,172.22,539.52,161.86,398.52,79.7
10/17/2013,44,Wales,634(633.75),606,8,,372.44,372.44,201,100.5,468.33,140.5,101.57,20.31
10/17/2013,46,Iceland,633(633.35),599,8,,439.44,439.44,251.67,125.83,171.79,51.54,82.71,16.54
10/17/2013,47,Norway,632(632.05),699,-8,,237.65,237.65,322.6,161.3,366.78,110.03,615.33,123.07
10/17/2013,47,Tunisia,632(631.84),643,-1,,336.37,336.37,336.12,168.06,239.24,71.77,278.22,55.64
10/17/2013,49,Paraguay,613(613.10),673,-8,,273.1,273.1,314.42,157.21,352.72,105.82,384.86,76.97
10/17/2013,49,Iran,613(612.89),633,-1,,296.74,296.74,305.5,152.75,385.24,115.57,239.17,47.83
10/17/2013,51,Egypt,610(609.69),611,-1,,290.64,290.64,235.46,117.73,243.34,73,641.61,128.32
10/17/2013,52,Burkina Faso,598(597.98),607,-1,,403.24,403.24,113.84,56.92,208.43,62.53,376.46,75.29
10/17/2013,53,Austria,596(595.74),639,-6,,361.75,361.75,250.13,125.06,158.95,47.69,306.21,61.24
10/17/2013,54,Montenegro,584(584.02),766,-27,,228.69,228.69,344.63,172.31,220.14,66.04,584.88,116.98
10/17/2013,55,Uzbekistan,582(581.64),579,2,,333.25,333.25,271.67,135.83,287.4,86.22,131.68,26.34
10/17/2013,56,Korea Republic,569(568.86),574,2,,204.15,204.15,333.42,166.71,455.68,136.7,306.48,61.3
10/17/2013,57,Australia,564(563.82),603,-4,,208.3,208.3,284.27,142.14,411.25,123.37,450.03,90.01
10/17/2013,58,Albania,563(563.12),652,-13,,300.67,300.67,263.16,131.58,227.3,68.19,313.39,62.68
10/17/2013,59,Cameroon,554(554.16),558,2,,316.59,316.59,245.14,122.57,239.19,71.76,216.18,43.24
10/17/2013,60,Republic of Ireland,550(550.27),570,-1,,209.69,209.69,281.13,140.56,462.35,138.7,306.62,61.32
10/17/2013,61,Libya,540(540.36),520,9,,239.81,239.81,305.33,152.66,300.57,90.17,288.6,57.72
10/17/2013,61,South Africa,540(540.08),528,7,,309.6,309.6,130.56,65.28,316.43,94.93,351.37,70.27
10/17/2013,63,Finland,538(537.65),591,-7,,343.65,343.65,199.84,99.92,251.25,75.38,93.5,18.7
10/17/2013,64,Senegal,530(530.08),534,2,,268.48,268.48,164.34,82.17,422.14,126.64,263.96,52.79
10/17/2013,65,Slovakia,528(527.75),562,-5,,229.85,229.85,287.81,143.91,183.95,55.19,493.99,98.8
10/17/2013,66,Israel,515(514.51),522,3,,299.6,299.6,159.31,79.66,384.17,115.25,100,20
10/17/2013,67,Zambia,513(513.14),515,4,,168.67,168.67,448.95,224.47,227.47,68.24,258.81,51.76
10/17/2013,68,Guinea,512(512.42),487,8,,253.51,253.51,271.92,135.96,169.04,50.71,361.2,72.24
10/17/2013,69,Poland,503(502.82),539,-4,,219.42,219.42,323.82,161.91,298.35,89.5,159.96,31.99
10/17/2013,70,Jordan,502(501.85),494,3,,271.11,271.11,205.87,102.94,265.05,79.52,241.41,48.28
10/17/2013,71,United Arab Emirates,496(495.97),456,11,,328.17,328.17,179.55,89.77,117.18,35.15,214.42,42.88
10/17/2013,71,Bolivia,496(495.66),555,-9,,228.93,228.93,462.06,231.03,97.13,29.14,32.8,6.56
10/17/2013,73,Sierra Leone,493(493.02),497,-1,,205.04,205.04,273.59,136.79,408.5,122.55,143.19,28.64
10/17/2013,74,Cuba,492(492.25),438,10,,401.72,401.72,46.51,23.25,224.27,67.28,0,0
10/17/2013,75,Togo,488(488.10),486,2,,257.25,257.25,295.27,147.63,164.76,49.43,168.94,33.79
10/17/2013,76,Bulgaria,487(486.84),549,-12,,196.63,196.63,433.69,216.84,134.39,40.32,165.23,33.05
10/17/2013,77,Morocco,478(477.89),492,-3,,231,231,212.31,106.15,359.34,107.8,164.69,32.94
10/17/2013,78,Dominican Republic,474(474.48),425,9,,276.67,276.67,242,121,212.03,63.61,66,13.2
10/17/2013,79,New Zealand,470(469.93),529,-12,,258.11,258.11,271.64,135.82,21.2,6.36,348.18,69.64
10/17/2013,80,Haiti,464(463.76),471,-2,,216.68,216.68,357.72,178.86,227.39,68.22,0,0
10/17/2013,81,Trinidad and Tobago,457(457.10),432,4,,229.99,229.99,259.29,129.64,277.71,83.31,70.79,14.16
10/17/2013,82,Jamaica,456(455.87),471,-4,,164.4,164.4,292.25,146.12,363.69,109.11,181.22,36.24
10/17/2013,83,Belarus,441(441.34),458,-3,,193.62,193.62,217.51,108.75,199.9,59.97,395.02,79
10/17/2013,84,Gabon,438(438.31),443,-1,,175.91,175.91,334.26,167.13,115.24,34.57,303.51,60.7
10/17/2013,85,Uganda,431(431.05),457,-4,,215.43,215.43,235.83,117.91,143.7,43.11,273.01,54.6
10/17/2013,86,FYR Macedonia,430(429.56),490,-11,,215,215,268.61,134.3,118.65,35.6,223.29,44.66
10/17/2013,87,Congo DR,411(411.27),392,4,,235.39,235.39,245.28,122.64,130.72,39.22,70.09,14.02
10/17/2013,88,Azerbaijan,407(407.38),315,19,,261.26,261.26,134.53,67.27,96.25,28.88,249.83,49.97
10/17/2013,89,El Salvador,404(404.04),386,4,,210.44,210.44,197.89,98.94,297.45,89.24,27.1,5.42
10/17/2013,90,Northern Ireland,399(398.56),431,-4,,244.25,244.25,142.58,71.29,111.74,33.52,247.5,49.5
10/17/2013,91,Congo,394(393.63),388,1,,208.44,208.44,294.82,147.41,64.5,19.35,92.16,18.43
10/17/2013,92,Oman,381(380.53),382,4,,179.82,179.82,259.32,129.66,147.32,44.2,134.24,26.85
10/17/2013,93,Angola,380(379.89),400,-4,,146.09,146.09,256.61,128.3,220.11,66.03,197.34,39.47
10/17/2013,94,Benin,378(378.33),398,-4,,165.12,165.12,320.35,160.18,23.65,7.1,229.67,45.93
10/17/2013,95,Ethiopia,376(375.89),386,-2,,198.47,198.47,239.71,119.85,130.37,39.11,92.3,18.46
10/17/2013,96,Moldova,369(368.54),237,33,,246.56,246.56,114.33,57.17,58.33,17.5,236.56,47.31
10/17/2013,97,China PR,365(365.08),362,2,,140.67,140.67,195.27,97.64,276.71,83.01,218.78,43.76
10/17/2013,98,Botswana,354(353.87),326,6,,200.45,200.45,79.5,39.75,189.99,57,283.35,56.67
10/17/2013,99,Estonia,351(351.29),405,-11,,126.93,126.93,148.63,74.32,316.89,95.07,274.84,54.97
10/17/2013,100,Georgia,350(350.12),364,-3,,73.91,73.91,259.63,129.81,281.56,84.47,309.63,61.93
10/17/2013,101,Saudi Arabia,338(338.04),307,8,,187.16,187.16,152.36,76.18,122.26,36.68,190.1,38.02
10/17/2013,102,Zimbabwe,328(327.65),333,-1,,119.85,119.85,164.32,82.16,332.05,99.61,130.15,26.03
10/17/2013,103,Lithuania,323(322.97),299,9,,173.75,173.75,111.69,55.84,109.17,32.75,303.14,60.63
10/17/2013,103,Iraq,323(322.78),325,2,,119.24,119.24,209.46,104.73,219.12,65.74,165.34,33.07
10/17/2013,105,Qatar,313(313.00),309,3,,143.46,143.46,152.71,76.36,222.81,66.84,131.71,26.34
10/17/2013,106,Liberia,312(312.47),295,8,,143.93,143.93,193.24,96.62,214.82,64.44,37.41,7.48
10/17/2013,107,Korea DPR,310(309.74),297,6,,102.2,102.2,317.68,158.84,108.27,32.48,81.1,16.22
10/17/2013,107,Central African Republic,310(309.65),331,-4,,0,0,442.54,221.27,119.17,35.75,263.16,52.63
10/17/2013,109,Kuwait,307(307.13),307,0,,148.5,148.5,127.58,63.79,183.74,55.12,198.61,39.72
10/17/2013,110,Niger,306(306.04),332,-8,,89.53,89.53,206.17,103.08,191.45,57.43,279.99,56
10/17/2013,111,Canada,296(296.37),324,-5,,58.82,58.82,300.4,150.2,232.14,69.64,88.54,17.71
10/17/2013,112,Guatemala,294(294.33),335,-12,,49.02,49.02,306.05,153.03,242,72.6,98.4,19.68
10/17/2013,112,Antigua and Barbuda,294(293.83),303,-1,,159.72,159.72,88.7,44.35,275.15,82.54,36.08,7.22
10/17/2013,114,Guyana,286(286.04),234,16,,132,132,97.54,48.77,165.43,49.63,278.18,55.64
10/17/2013,115,Mozambique,282(282.43),283,1,,126.54,126.54,180.06,90.03,110.65,33.2,163.31,32.66
10/17/2013,116,Tajikistan,280(280.43),281,1,,155.23,155.23,114.75,57.37,175.52,52.66,75.86,15.17
10/17/2013,117,Latvia,277(277.16),288,-2,,145.1,145.1,103.44,51.72,207.5,62.25,90.45,18.09
10/17/2013,118,Kenya,274(274.41),271,0,,152.85,152.85,160.53,80.27,92.13,27.64,68.25,13.65
10/17/2013,119,Equatorial Guinea,273(272.83),363,-21,,67.94,67.94,332.19,166.1,129.29,38.79,0,0
10/17/2013,120,St. Vincent and the Grenadines,271(271.46),263,2,,155.1,155.1,123.39,61.69,92.32,27.7,134.86,26.97
10/17/2013,121,Lebanon,267(267.36),265,-1,,107.85,107.85,230.39,115.19,125.89,37.77,32.73,6.55
10/17/2013,121,Burundi,267(266.59),256,3,,139.07,139.07,167.02,83.51,106.86,32.06,59.77,11.95
10/17/2013,123,Bahrain,266(266.40),264,-2,,143.12,143.12,125.74,62.87,115.6,34.68,128.66,25.73
10/17/2013,124,Malawi,263(263.26),263,-2,,94.47,94.47,139.02,69.51,180.46,54.14,225.7,45.14
10/17/2013,125,Turkmenistan,254(253.58),254,0,,121.26,121.26,179.17,89.58,91.85,27.55,75.93,15.19
10/17/2013,126,New Caledonia,249(249.00),383,-31,,79.05,79.05,282.63,141.31,89.81,26.94,8.5,1.7
10/17/2013,127,Luxembourg,247(246.88),247,-1,,150.45,150.45,59.31,29.66,176.69,53.01,68.81,13.76
10/17/2013,128,Namibia,246(246.21),239,-1,,97.64,97.64,178.84,89.42,174.51,52.35,34,6.8
10/17/2013,129,Rwanda,242(241.99),233,2,,93.05,93.05,163.76,81.88,163.89,49.17,89.46,17.89
10/17/2013,129,Tanzania,242(241.72),239,-2,,126.88,126.88,130.35,65.17,124.3,37.29,61.88,12.38
10/17/2013,131,Suriname,237(237.29),223,4,,97.68,97.68,119.81,59.9,172.04,51.61,140.5,28.1
10/17/2013,132,Grenada,233(233.33),268,-13,,178.99,178.99,0,0,157.68,47.3,35.2,7.04
10/17/2013,133,Afghanistan,223(223.41),227,-1,,160.06,160.06,89.61,44.81,61.81,18.54,0,0
10/17/2013,134,Cyprus,219(219.15),225,0,,106.56,106.56,112.86,56.43,88.68,26.6,147.8,29.56
10/17/2013,135,Kazakhstan,216(216.00),227,-3,,113.89,113.89,88.29,44.14,156.35,46.9,55.34,11.07
10/17/2013,136,Sudan,215(215.21),204,4,,60.32,60.32,133.6,66.8,155.52,46.66,207.16,41.43
10/17/2013,136,Sudan,215(215.21),204,4,,60.32,60.32,133.6,66.8,155.52,46.66,207.16,41.43
10/17/2013,137,Philippines,213(212.77),200,4,,120.4,120.4,123.12,61.56,74.12,22.23,42.9,8.58
10/17/2013,138,St. Lucia,203(203.31),210,0,,182.95,182.95,0,0,55.63,16.69,18.33,3.67
10/17/2013,139,Gambia,202(202.23),222,-3,,92.88,92.88,60.2,30.1,129.18,38.76,202.47,40.49
10/17/2013,140,Malta,192(191.61),199,2,,108.45,108.45,103.5,51.75,91.93,27.58,19.14,3.83
10/17/2013,141,Syria,183(183.28),192,2,,100.19,100.19,25.8,12.9,156.29,46.89,116.52,23.3
10/17/2013,141,Lesotho,183(182.65),176,6,,114.65,114.65,78.17,39.08,71.55,21.47,37.23,7.45
10/17/2013,143,Thailand,181(180.76),206,-4,,99.64,99.64,25.8,12.9,141.26,42.38,129.21,25.84
10/17/2013,144,Tahiti,179(179.06),182,2,,67.58,67.58,177.08,88.54,63.99,19.2,18.7,3.74
10/17/2013,145,Belize,178(178.13),184,0,,82.54,82.54,95.04,47.52,145.69,43.71,21.82,4.36
10/17/2013,146,Palestine,175(175.26),172,3,,88.03,88.03,111,55.5,90.73,27.22,22.54,4.51
10/17/2013,147,St. Kitts and Nevis,172(172.05),212,-10,,0,0,175.56,87.78,190.74,57.22,135.26,27.05
10/17/2013,148,Hong Kong,171(171.24),174,0,,119.76,119.76,51.6,25.8,43.75,13.13,62.76,12.55
10/17/2013,149,Myanmar,169(169.19),124,13,,100.73,100.73,94.6,47.3,36.52,10.96,51,10.2
10/17/2013,150,Kyrgyzstan,161(160.70),186,-6,,152.96,152.96,0,0,25.8,7.74,0,0
10/17/2013,151,Vietnam,159(158.79),144,2,,53.84,53.84,93.02,46.51,148.03,44.41,70.14,14.03
10/17/2013,152,Mauritania,158(158.36),168,-2,,156.64,156.64,0,0,0,0,8.6,1.72
10/17/2013,153,Nicaragua,155(155.35),144,0,,49.72,49.72,168.78,84.39,70.79,21.24,0,0
10/17/2013,154,India,151(150.58),143,1,,94.6,94.6,61.16,30.58,39.1,11.73,68.37,13.67
10/17/2013,155,Singapore,149(149.15),131,4,,88.4,88.4,38.97,19.48,84.31,25.29,79.9,15.98
10/17/2013,156,Chad,148(148.24),138,2,,0,0,220.59,110.3,92.45,27.74,51,10.2
10/17/2013,157,Maldives,147(147.18),146,-5,,80.41,80.41,83.68,41.84,43.43,13.03,59.5,11.9
10/17/2013,158,Liechtenstein,141(141.15),142,-2,,59,59,21.43,10.71,222,66.6,24.2,4.84
10/17/2013,159,Puerto Rico,139(139.04),129,1,,0,0,166.32,83.16,98.27,29.48,132,26.4
10/17/2013,160,Malaysia,137(136.51),128,1,,67.64,67.64,62.3,31.15,93.42,28.03,48.45,9.69
10/17/2013,161,Bermuda,127(127.25),139,-4,,0,0,137.28,68.64,195.36,58.61,0,0
10/17/2013,162,Indonesia,120(120.08),102,8,,60.15,60.15,33.86,16.93,110.91,33.27,48.63,9.73
10/17/2013,162,São Tomé e Príncipe,120(120.04),120,1,,0,0,240.08,120.04,0,0,0,0
10/17/2013,162,Bangladesh,120(119.69),113,4,,58.97,58.97,17.2,8.6,125.93,37.78,71.68,14.34
10/17/2013,165,Nepal,119(118.62),120,-2,,52.68,52.68,29.24,14.62,130.94,39.28,60.18,12.04
10/17/2013,166,Sri Lanka,108(107.52),108,2,,75.25,75.25,25.8,12.9,28.13,8.44,54.64,10.93
10/17/2013,167,Laos,105(104.51),84,5,,58.05,58.05,60.2,30.1,54.54,16.36,0,0
10/17/2013,168,Pakistan,102(101.68),102,2,,66.04,66.04,28.38,14.19,48.85,14.65,34,6.8
10/17/2013,169,Dominica,89(88.77),112,-2,,0,0,66,33,25.3,7.59,240.92,48.18
10/17/2013,170,Curaçao,88(87.92),72,4,,0,0,132,66,48.75,14.63,36.45,7.29
10/17/2013,171,Solomon Islands,86(86.49),105,-2,,0,0,128.21,64.1,74.62,22.39,0,0
10/17/2013,171,Guam,86(85.71),70,4,,52.21,52.21,51.6,25.8,25.65,7.7,0,0
10/17/2013,173,Barbados,82(81.68),157,-22,,0,0,102.33,51.17,28.36,8.51,110,22
10/17/2013,173,Aruba,82(81.58),114,-8,,0,0,110.37,55.18,88,26.4,0,0
10/17/2013,175,Faroe Islands,81(81.29),52,7,,21.25,21.25,0,0,156.25,46.88,65.79,13.16
10/17/2013,176,Chinese Taipei,79(79.25),70,-1,,33.64,33.64,34.4,17.2,58.77,17.63,53.91,10.78
10/17/2013,177,Yemen,72(71.51),80,-4,,0,0,54.18,27.09,49.02,14.71,148.54,29.71
10/17/2013,178,Samoa,62(61.98),62,-1,,0,0,123.96,61.98,0,0,0,0
10/17/2013,178,Mauritius,62(61.63),62,-1,,53.57,53.57,0,0,26.88,8.06,0,0
10/17/2013,180,Madagascar,57(57.41),57,-1,,0,0,64.5,32.25,66.65,20,25.8,5.16
10/17/2013,181,Guinea-Bissau,56(56.33),56,-1,,0,0,45.58,22.79,39.56,11.87,108.36,21.67
10/17/2013,182,Vanuatu,53(52.76),53,-1,,0,0,63.75,31.88,69.61,20.88,0,0
10/17/2013,183,Swaziland,49(48.63),48,3,,16.46,16.46,25.8,12.9,35.89,10.77,42.5,8.5
10/17/2013,183,Mongolia,49(48.59),49,2,,21.5,21.5,0,0,90.3,27.09,0,0
10/17/2013,185,Fiji,47(46.75),47,2,,0,0,42.5,21.25,85,25.5,0,0
10/17/2013,186,American Samoa,42(42.50),43,2,,0,0,85,42.5,0,0,0,0
10/17/2013,186,Tonga,42(42.50),43,2,,0,0,85,42.5,0,0,0,0
10/17/2013,188,Bahamas,40(39.60),40,3,,0,0,0,0,132,39.6,0,0
10/17/2013,189,Montserrat,33(33.00),33,4,,0,0,66,33,0,0,0,0
10/17/2013,190,Comoros,32(31.75),33,3,,8.6,8.6,0,0,55.9,16.77,31.88,6.38
10/17/2013,191,US Virgin Islands,30(30.17),42,-1,,0,0,0,0,100.57,30.17,0,0
10/17/2013,192,Cayman Islands,29(29.04),36,0,,0,0,31.68,15.84,0,0,66,13.2
10/17/2013,193,Brunei Darussalam,26(25.80),52,-11,,0,0,51.6,25.8,0,0,0,0
10/17/2013,193,Timor-Leste,26(25.80),52,-11,,0,0,51.6,25.8,0,0,0,0
10/17/2013,195,Eritrea,24(24.02),24,0,,0,0,37.84,18.92,0,0,25.5,5.1
10/17/2013,196,Seychelles,23(23.22),23,0,,0,0,0,0,77.4,23.22,0,0
10/17/2013,197,Papua New Guinea,21(20.83),21,0,,0,0,21.25,10.63,34,10.2,0,0
10/17/2013,198,Cambodia,20(20.00),20,1,,0,0,0,0,66.65,20,0,0
10/17/2013,199,British Virgin Islands,18(18.48),21,-2,,0,0,26.4,13.2,0,0,26.4,5.28
10/17/2013,200,Andorra,16(16.13),16,0,,9.63,9.63,13,6.5,0,0,0,0
10/17/2013,201,Somalia,14(13.98),14,0,,0,0,27.95,13.98,0,0,0,0
10/17/2013,202,Djibouti,11(10.75),11,1,,0,0,21.5,10.75,0,0,0,0
10/17/2013,202,Cook Islands,11(10.63),11,1,,0,0,21.25,10.63,0,0,0,0
10/17/2013,204,South Sudan,10(9.89),10,1,,0,0,19.78,9.89,0,0,0,0
10/17/2013,204,Macau,10(9.83),13,-2,,0,0,8.6,4.3,18.43,5.53,0,0
10/17/2013,206,Anguilla,3(2.64),2,0,,0,0,0,0,8.8,2.64,0,0
10/17/2013,207,Bhutan,0(0.00),0,0,,0,0,0,0,0,0,0,0
10/17/2013,207,San Marino,0(0.00),0,0,,0,0,0,0,0,0,0,0
10/17/2013,207,Turks and Caicos Islands,0(0.00),0,0,,0,0,0,0,0,0,0,0
10/3/2012,1,Spain,1611(1611.34),1617,0,,822.47,822.47,656.13,328.07,1007.79,302.34,792.31,158.46
10/3/2012,2,Germany,1459(1458.51),1437,0,,804.67,804.67,557.21,278.6,921.47,276.44,494.01,98.8
10/3/2012,3,Portugal,1259(1259.11),1232,1,,678.75,678.75,638.67,319.33,592.12,177.64,416.97,83.39
10/3/2012,4,Argentina,1208(1207.95),1121,3,,680.32,680.32,350.21,175.11,870.81,261.24,456.42,91.28
10/3/2012,5,England,1196(1196.20),1274,-2,,624.38,624.38,486.83,243.41,673.04,201.91,632.5,126.5
10/3/2012,6,Netherlands,1142(1141.51),1044,2,,329.29,329.29,727.05,363.53,963.14,288.94,798.73,159.75
10/3/2012,7,Uruguay,1140(1139.67),1217,-2,,535.45,535.45,589.71,294.85,784.54,235.36,370.04,74.01
10/3/2012,8,Italy,1106(1106.24),1174,-2,,554.43,554.43,679.41,339.7,375.55,112.66,497.24,99.45
10/3/2012,9,Colombia,1102(1101.79),843,13,,735.6,735.6,397.71,198.86,296.25,88.87,392.29,78.46
10/3/2012,10,Greece,1029(1029.10),1001,1,,534.18,534.18,521.49,260.75,523.14,156.94,386.17,77.23
10/3/2012,11,Croatia,1023(1022.79),1020,-2,,513.35,513.35,572.95,286.48,403.91,121.17,508.94,101.79
10/3/2012,12,Russia,1014(1013.84),990,1,,559.8,559.8,509.25,254.62,285.38,85.61,569.06,113.81
10/3/2012,13,France,1011(1010.76),965,2,,529.74,529.74,545.04,272.52,384.95,115.48,465.12,93.02
10/3/2012,14,Brazil,1001(1000.95),996,-2,,397.8,397.8,390.04,195.02,663.42,199.03,1045.51,209.1
10/3/2012,15,Switzerland,983(982.86),847,5,,510.6,510.6,413.44,206.72,402.73,120.82,723.61,144.72
10/3/2012,16,Côte d'Ivoire,951(951.27),912,0,,488.27,488.27,459.49,229.74,418.65,125.59,538.33,107.67
10/3/2012,17,Chile,948(948.27),984,-3,,469.7,469.7,417.26,208.63,586.12,175.84,470.52,94.1
10/3/2012,18,Denmark,944(944.02),1006,-8,,496.45,496.45,488.11,244.06,390.69,117.21,431.5,86.3
10/3/2012,19,Mexico,925(924.71),845,2,,482.52,482.52,485.18,242.59,348.86,104.66,474.7,94.94
10/3/2012,20,Ecuador,902(901.68),890,-3,,670.17,670.17,213.6,106.8,110.16,33.05,458.31,91.66
10/3/2012,21,Sweden,859(859.29),875,-3,,461.81,461.81,420.43,210.22,390.83,117.25,350.03,70.01
10/3/2012,22,Czech Republic,837(837.01),869,-3,,535.39,535.39,297.09,148.54,300.03,90.01,315.36,63.07
10/3/2012,23,Japan,818(818.17),793,0,,355.9,355.9,540.09,270.05,407.23,122.17,350.24,70.05
10/3/2012,24,Algeria,802(801.70),734,4,,493.59,493.59,217.57,108.79,351.6,105.48,469.21,93.84
10/3/2012,25,Korea Republic,776(776.01),763,2,,390.18,390.18,427.58,213.79,314.47,94.34,388.5,77.7
10/3/2012,26,Norway,764(763.52),682,8,,324.56,324.56,362.35,181.18,589.12,176.73,405.27,81.05
10/3/2012,27,Mali,759(759.29),710,5,,502.44,502.44,267.58,133.79,207.61,62.28,303.92,60.78
10/3/2012,28,Republic of Ireland,757(757.17),768,-2,,378.63,378.63,378.88,189.44,337.37,101.21,439.47,87.89
10/3/2012,29,Bosnia and Herzegovina,740(739.91),717,1,,296.5,296.5,581.45,290.73,183.97,55.19,487.44,97.49
10/3/2012,30,Belgium,723(722.65),626,10,,367.7,367.7,468.5,234.25,315.58,94.67,130.16,26.03
10/3/2012,31,Ghana,722(721.62),714,0,,377.24,377.24,233.9,116.95,520.29,156.09,356.72,71.34
10/3/2012,32,USA,720(719.79),697,1,,339.52,339.52,290.69,145.34,380.25,114.08,604.26,120.85
10/3/2012,33,Serbia,706(706.38),624,9,,250.36,250.36,390.58,195.29,479.05,143.72,585.06,117.01
10/3/2012,34,Australia,702(701.90),778,-9,,256.2,256.2,422.74,211.37,451.81,135.54,493.94,98.79
10/3/2012,35,Slovenia,694(694.01),784,-11,,303.93,303.93,276.5,138.25,594.22,178.27,367.78,73.56
10/3/2012,36,Turkey,689(689.23),678,-1,,332.17,332.17,317.14,158.57,460.21,138.06,302.15,60.43
10/3/2012,37,Peru,681(680.81),587,14,,318.15,318.15,422.61,211.31,420.24,126.07,126.42,25.28
10/3/2012,38,Paraguay,665(664.70),728,-9,,258.08,258.08,348.78,174.39,424.63,127.39,524.18,104.84
10/3/2012,39,Venezuela,635(634.56),584,13,,328.54,328.54,329.62,164.81,185.62,55.69,427.62,85.52
10/3/2012,40,Egypt,634(634.22),634,-2,,271.69,271.69,180.6,90.3,692.19,207.66,322.86,64.57
10/3/2012,41,Zambia,631(631.00),624,1,,429.97,429.97,200.5,100.25,258.81,77.64,115.71,23.14
10/3/2012,42,Ukraine,630(629.84),628,-3,,361.19,361.19,112.61,56.31,469.75,140.93,357.05,71.41
10/3/2012,43,Panama,625(625.10),591,7,,331.22,331.22,325.31,162.65,260.54,78.16,265.36,53.07
10/3/2012,44,Montenegro,623(623.37),606,4,,228,228,412.64,206.32,489.56,146.87,210.88,42.18
10/3/2012,45,Tunisia,620(619.65),625,-4,,358.6,358.6,248.11,124.06,243.69,73.11,319.42,63.88
10/3/2012,46,Romania,619(619.27),542,11,,341.42,341.42,292.29,146.15,209.62,62.89,344.06,68.81
10/3/2012,47,Gabon,610(609.53),617,-3,,355.46,355.46,80.35,40.17,438.53,131.56,411.7,82.34
10/3/2012,48,Slovakia,608(607.60),616,-3,,244.06,244.06,199.2,99.6,552.02,165.61,491.64,98.33
10/3/2012,49,Hungary,593(593.13),663,-12,,208.63,208.63,472.91,236.45,266.72,80.02,340.17,68.03
10/3/2012,49,Central African Republic,593(593.23),492,15,,442.54,442.54,271.21,135.6,50.31,15.09,0,0
10/3/2012,51,Cape Verde Islands,587(587.02),490,14,,400.98,400.98,173.86,86.93,223.5,67.05,160.29,32.06
10/3/2012,52,Jamaica,583(583.23),515,8,,267.01,267.01,383.11,191.56,168.26,50.48,370.91,74.18
10/3/2012,53,Libya,578(578.00),666,-17,,338.54,338.54,394.1,197.05,141.36,42.41,0,0
10/3/2012,54,Poland,573(573.01),547,2,,329.96,329.96,265.17,132.59,138.59,41.58,344.41,68.88
10/3/2012,55,Bulgaria,565(565.32),388,34,,321.19,321.19,269.59,134.8,103.36,31.01,391.6,78.32
10/3/2012,56,Scotland,556(555.61),610,-9,,271.44,271.44,296.3,148.15,222.92,66.88,345.71,69.14
10/3/2012,57,Wales,551(550.95),616,-12,,372.56,372.56,195.83,97.92,155.14,46.54,169.65,33.93
10/3/2012,58,Iran,549(548.77),573,-4,,249.4,249.4,356.33,178.17,254.12,76.23,224.86,44.97
10/3/2012,59,Austria,528(528.14),598,-10,,301.69,301.69,171.45,85.73,299.79,89.94,253.89,50.78
10/3/2012,60,Haiti,524(524.02),439,17,,371.43,371.43,229.5,114.75,0,0,189.18,37.84
10/3/2012,61,Canada,516(515.85),454,12,,307.43,307.43,225.22,112.61,77.82,23.35,362.3,72.46
10/3/2012,62,Guinea,515(514.57),472,7,,302.6,302.6,260.69,130.34,147.06,44.12,187.57,37.51
10/3/2012,63,Nigeria,511(511.28),523,-5,,210.27,210.27,237.32,118.66,407.01,122.1,301.23,60.25
10/3/2012,64,Armenia,503(502.82),575,-11,,199.25,199.25,487.81,243.91,89.88,26.96,163.5,32.7
10/3/2012,65,Georgia,501(501.17),405,21,,256.71,256.71,323.9,161.95,208.92,62.68,99.14,19.83
10/3/2012,66,Honduras,500(500.47),460,6,,218.3,218.3,271.29,135.64,178.48,53.54,464.95,92.99
10/3/2012,67,Sierra Leone,499(499.37),518,-8,,271.98,271.98,405.49,202.75,82.13,24.64,0,0
10/3/2012,68,Senegal,492(491.96),508,-6,,193.66,193.66,422.14,211.07,210.21,63.06,120.84,24.17
10/3/2012,69,Estonia,485(484.64),572,-14,,205.66,205.66,346.36,173.18,241.71,72.51,166.47,33.29
10/3/2012,70,Uzbekistan,479(479.12),470,0,,277.09,277.09,259.19,129.59,122.68,36.8,178.2,35.64
10/3/2012,71,Cameroon,475(474.62),510,-10,,203.31,203.31,219.93,109.96,246.83,74.05,436.52,87.3
10/3/2012,72,Bolivia,465(465.17),501,-9,,255.94,255.94,105.95,52.98,326.8,98.04,291.06,58.21
10/3/2012,72,Costa Rica,465(465.08),487,-6,,179.66,179.66,260.91,130.46,204.94,61.48,467.4,93.48
10/3/2012,74,Benin,453(452.58),468,-3,,266.96,266.96,137.17,68.59,292.6,87.78,146.25,29.25
10/3/2012,75,Morocco,451(451.02),478,-7,,200.27,200.27,374.08,187.04,49.88,14.96,243.77,48.75
10/3/2012,76,South Africa,448(447.76),448,-2,,153.42,153.42,299.23,149.61,325.19,97.56,235.86,47.17
10/3/2012,77,Trinidad and Tobago,442(442.39),420,5,,216.7,216.7,271.9,135.95,101.11,30.33,297.05,59.41
10/3/2012,78,El Salvador,441(441.23),481,-11,,250.21,250.21,256.75,128.38,27.1,8.13,272.55,54.51
10/3/2012,78,Jordan,441(441.45),402,9,,236.57,236.57,267.47,133.73,201.17,60.35,54.02,10.8
10/3/2012,80,Iraq,439(439.02),437,-2,,273.75,273.75,195.31,97.65,153.58,46.07,107.75,21.55
10/3/2012,81,Guatemala,431(430.66),384,10,,291.97,291.97,196.74,98.37,91.68,27.5,64.09,12.82
10/3/2012,82,Israel,423(422.79),446,-7,,111.36,111.36,308.25,154.13,317.08,95.12,310.9,62.18
10/3/2012,83,Angola,419(419.38),433,-3,,228.5,228.5,234.35,117.18,169.73,50.92,113.92,22.78
10/3/2012,84,Albania,414(414.15),410,0,,177.16,177.16,224.8,112.4,308.5,92.55,160.2,32.04
10/3/2012,85,China PR,413(412.63),437,-7,,178.92,178.92,279.29,139.64,230.5,69.15,124.61,24.92
10/3/2012,86,Korea DPR,411(411.03),429,-5,,288.8,288.8,113.97,56.99,82.24,24.67,202.83,40.57
10/3/2012,87,Belarus,410(409.63),443,-11,,138.13,138.13,272.17,136.09,332.07,99.62,178.94,35.79
10/3/2012,88,Finland,407(406.98),365,8,,177.32,177.32,231.11,115.56,248.39,74.52,197.92,39.58
10/3/2012,89,Zimbabwe,396(396.49),358,9,,164.32,164.32,385.37,192.68,114.98,34.49,24.99,5
10/3/2012,90,Uganda,394(394.37),401,-2,,181,181,145.85,72.92,285.6,85.68,273.84,54.77
10/3/2012,91,Burkina Faso,392(391.94),406,-6,,65.65,65.65,285.83,142.91,413.35,124.01,296.83,59.37
10/3/2012,92,New Zealand,390(390.26),366,3,,232.9,232.9,46.81,23.4,404.75,121.42,62.71,12.54
10/3/2012,93,Togo,377(377.21),356,6,,185.62,185.62,164.76,82.38,150.17,45.05,320.82,64.16
10/3/2012,94,Congo,374(373.50),413,-11,,320.35,320.35,74.82,37.41,36.04,10.81,24.65,4.93
10/3/2012,95,Oman,370(370.14),376,-2,,206.86,206.86,165.36,82.68,112.69,33.81,233.93,46.79
10/3/2012,96,Malawi,365(364.65),385,-6,,140.89,140.89,220.55,110.28,222.62,66.79,233.47,46.69
10/3/2012,97,Iceland,362(361.83),283,21,,199.29,199.29,171.79,85.89,117.96,35.39,206.32,41.26
10/3/2012,98,Liberia,357(357.36),310,13,,247.68,247.68,172.43,86.22,37.41,11.22,61.2,12.24
10/3/2012,99,Mozambique,352(351.98),312,10,,206.94,206.94,110.65,55.33,140.27,42.08,238.16,47.63
10/3/2012,100,Sudan,351(350.66),332,3,,186.58,186.58,187.77,93.88,129.76,38.93,156.36,31.27
10/3/2012,100,Sudan,351(350.66),332,3,,186.58,186.58,187.77,93.88,129.76,38.93,156.36,31.27
10/3/2012,101,Qatar,350(349.82),380,-9,,186.65,186.65,203.13,101.57,115.56,34.67,134.67,26.93
10/3/2012,102,Dominican Republic,346(345.64),332,1,,254.89,254.89,181.5,90.75,0,0,0,0
10/3/2012,103,Congo DR,345(345.44),311,7,,245.28,245.28,159.92,79.96,19.89,5.97,71.15,14.23
10/3/2012,104,FYR Macedonia,334(334.32),364,-7,,174.16,174.16,115.9,57.95,244.91,73.47,143.72,28.74
10/3/2012,105,Equatorial Guinea,328(327.77),324,2,,263.27,263.27,129,64.5,0,0,0,0
10/3/2012,106,Antigua and Barbuda,324(324.46),340,-5,,143.7,143.7,264.18,132.09,36.08,10.82,189.25,37.85
10/3/2012,107,Cyprus,321(321.48),232,28,,112.86,112.86,88.68,44.34,419.3,125.79,192.46,38.49
10/3/2012,108,Namibia,318(317.59),299,7,,178.84,178.84,174.51,87.25,34,10.2,206.48,41.3
10/3/2012,109,Lebanon,314(313.88),271,15,,236.68,236.68,114.49,57.24,32.73,9.82,50.72,10.14
10/3/2012,110,Lithuania,311(311.05),290,6,,103.7,103.7,109.17,54.58,440.56,132.17,103,20.6
10/3/2012,111,Azerbaijan,309(309.12),324,-4,,121.08,121.08,230.5,115.25,205.97,61.79,54.98,11
10/3/2012,112,Kuwait,308(308.13),348,-12,,125.99,125.99,179.94,89.97,203.24,60.97,155.99,31.2
10/3/2012,113,Saudi Arabia,303(303.07),328,-8,,132.87,132.87,138.11,69.05,200.26,60.08,205.37,41.07
10/3/2012,113,New Caledonia,303(303.36),261,15,,255.91,255.91,89.81,44.9,8.5,2.55,0,0
10/3/2012,115,Bahrain,291(290.66),308,-3,,131.91,131.91,123.64,61.82,134.27,40.28,283.26,56.65
10/3/2012,116,United Arab Emirates,288(288.42),278,4,,142.76,142.76,117.18,58.59,236.78,71.03,80.18,16.04
10/3/2012,117,Northern Ireland,287(287.20),257,12,,51.86,51.86,168.33,84.16,258.93,77.68,367.5,73.5
10/3/2012,118,Ethiopia,284(284.24),303,-4,,201.6,201.6,132.91,66.46,53.93,16.18,0,0
10/3/2012,118,Latvia,284(284.23),375,-24,,62.43,62.43,196.67,98.33,146.7,44.01,397.28,79.46
10/3/2012,120,Bermuda,277(277.20),333,-18,,277.2,277.2,0,0,0,0,0,0
10/3/2012,120,Botswana,277(277.23),275,3,,84.18,84.18,185.3,92.65,297.38,89.21,55.96,11.19
10/3/2012,122,Guyana,276(275.77),276,0,,131.39,131.39,207.35,103.67,86.98,26.09,73.1,14.62
10/3/2012,122,St. Kitts and Nevis,276(275.58),306,-9,,155.76,155.76,212.08,106.04,12.5,3.75,50.15,10.03
10/3/2012,124,Rwanda,272(272.11),278,-4,,204.75,204.75,64.38,32.19,89.46,26.84,41.65,8.33
10/3/2012,125,Turkmenistan,266(266.08),266,2,,179.17,179.17,91.85,45.92,75.93,22.78,91.07,18.21
10/3/2012,125,Chad,266(265.90),290,-9,,227.54,227.54,39.99,20,61.2,18.36,0,0
10/3/2012,127,Tahiti,265(265.29),282,-8,,227.68,227.68,63.99,32,18.7,5.61,0,0
10/3/2012,128,Kenya,262(262.21),268,-3,,181.68,181.68,94.68,47.34,43.71,13.11,100.39,20.08
10/3/2012,129,Puerto Rico,244(244.04),210,8,,174.08,174.08,100.32,50.16,66,19.8,0,0
10/3/2012,130,Suriname,243(242.95),207,8,,129.85,129.85,186.4,93.2,8.5,2.55,86.77,17.35
10/3/2012,131,Gambia,242(242.32),257,-2,,128.57,128.57,80.35,40.17,202.47,60.74,64.18,12.84
10/3/2012,132,São Tomé e Príncipe,240(240.08),240,1,,240.08,240.08,0,0,0,0,0,0
10/3/2012,132,Tanzania,240(240.45),243,0,,122.2,122.2,124.3,62.15,67.04,20.11,179.97,35.99
10/3/2012,134,Grenada,234(233.65),206,5,,109.12,109.12,142.33,71.16,35.2,10.56,214.05,42.81
10/3/2012,135,Burundi,232(232.06),238,-1,,146.15,146.15,106.86,53.43,59.77,17.93,72.74,14.55
10/3/2012,136,Tajikistan,220(219.71),196,6,,100.41,100.41,193.07,96.54,75.86,22.76,0,0
10/3/2012,137,Niger,218(217.76),267,-11,,43.52,43.52,328.33,164.16,33.6,10.08,0,0
10/3/2012,138,Nicaragua,210(209.72),195,6,,140.65,140.65,79.64,39.82,0,0,146.27,29.25
10/3/2012,139,Thailand,206(205.78),244,-8,,72.29,72.29,137.47,68.74,129.21,38.76,129.94,25.99
10/3/2012,140,Vietnam,203(202.74),183,6,,85.86,85.86,136.64,68.32,90.17,27.05,107.56,21.51
10/3/2012,141,Solomon Islands,202(202.15),150,12,,164.84,164.84,74.62,37.31,0,0,0,0
10/3/2012,142,Luxembourg,191(190.69),326,-36,,67.79,67.79,193.58,96.79,23.5,7.05,95.31,19.06
10/3/2012,143,St. Vincent and the Grenadines,190(189.50),225,-7,,115.52,115.52,121.11,60.56,39.07,11.72,8.5,1.7
10/3/2012,144,Belize,188(187.79),188,1,,95.04,95.04,163.9,81.95,21.82,6.55,21.25,4.25
10/3/2012,145,Moldova,187(186.68),204,-4,,70.44,70.44,58.33,29.17,189.69,56.91,150.79,30.16
10/3/2012,146,Cuba,179(179.38),175,1,,14.96,14.96,224.27,112.14,0,0,261.38,52.28
10/3/2012,147,Philippines,178(178.31),167,3,,129.4,129.4,68.45,34.22,8.5,2.55,60.71,12.14
10/3/2012,147,Kazakhstan,178(177.72),196,-5,,81.86,81.86,117.91,58.96,55.34,16.6,101.5,20.3
10/3/2012,149,Palestine,170(170.03),161,2,,103.6,103.6,100.81,50.41,35.63,10.69,26.63,5.33
10/3/2012,150,Syria,169(169.19),170,-2,,25.8,25.8,146.52,73.26,126.23,37.87,161.3,32.26
10/3/2012,151,Curaçao,166(166.03),129,10,,143.73,143.73,35.92,17.96,14.45,4.34,0,0
10/3/2012,152,Barbados,158(158.17),81,23,,79.59,79.59,80.52,40.26,0,0,191.61,38.32
10/3/2012,153,Malta,156(156.24),206,-14,,88.71,88.71,103.43,51.71,16.75,5.03,53.95,10.79
10/3/2012,154,Aruba,154(154.37),134,4,,110.37,110.37,88,44,0,0,0,0
10/3/2012,155,Liechtenstein,150(149.77),168,-6,,25,25,222,111,20.17,6.05,38.61,7.72
10/3/2012,156,Dominica,146(145.67),84,18,,55,55,115.97,57.99,108.92,32.68,0,0
10/3/2012,157,Yemen,141(140.79),154,-5,,54.18,54.18,57.91,28.95,149.69,44.91,63.75,12.75
10/3/2012,158,Lesotho,135(135.19),135,-1,,80.45,80.45,71.55,35.78,37.23,11.17,38.96,7.79
10/3/2012,158,Faroe Islands,135(134.65),147,-4,,0,0,165.63,82.81,10.43,3.13,243.57,48.71
10/3/2012,160,Hong Kong,133(133.38),133,-1,,77.4,77.4,59.18,29.59,28.23,8.47,89.61,17.92
10/3/2012,160,Maldives,133(133.17),133,-1,,83.68,83.68,39.48,19.74,59.5,17.85,59.5,11.9
10/3/2012,162,Singapore,126(125.62),129,-1,,35.72,35.72,87.61,43.81,79.9,23.97,110.59,22.12
10/3/2012,162,Malaysia,126(126.41),136,-6,,47.97,47.97,100.1,50.05,48.45,14.54,69.25,13.85
10/3/2012,164,Samoa,124(123.96),124,0,,123.96,123.96,0,0,0,0,0,0
10/3/2012,165,Nepal,123(122.69),121,1,,26.8,26.8,145.48,72.74,60.18,18.05,25.5,5.1
10/3/2012,166,Afghanistan,122(122.22),122,-1,,89.61,89.61,61.81,30.91,0,0,8.5,1.7
10/3/2012,167,Fiji,121(120.70),146,-12,,42.5,42.5,85,42.5,0,0,178.5,35.7
10/3/2012,168,India,114(114.22),105,1,,64.98,64.98,43.58,21.79,43.34,13,72.25,14.45
10/3/2012,169,Bangladesh,112(111.58),103,1,,17.2,17.2,125.93,62.96,71.68,21.5,49.58,9.92
10/3/2012,170,Indonesia,111(110.56),111,-2,,22.36,22.36,114.35,57.18,38.68,11.6,97.11,19.42
10/3/2012,171,Madagascar,106(105.57),127,-8,,64.5,64.5,66.65,33.33,25.8,7.74,0,0
10/3/2012,172,Vanuatu,99(98.56),113,-5,,63.75,63.75,69.61,34.81,0,0,0,0
10/3/2012,173,Guinea-Bissau,98(97.87),98,-2,,45.58,45.58,39.56,19.78,108.36,32.51,0,0
10/3/2012,174,Tonga,87(86.70),87,-2,,85,85,0,0,0,0,8.5,1.7
10/3/2012,175,American Samoa,85(85.00),85,-2,,85,85,0,0,0,0,0,0
10/3/2012,176,Chinese Taipei,80(80.16),79,0,,34.4,34.4,66.59,33.29,8.5,2.55,49.58,9.92
10/3/2012,177,Pakistan,72(71.50),72,0,,28.38,28.38,48.85,24.42,34,10.2,42.5,8.5
10/3/2012,178,Guam,71(71.23),45,7,,51.6,51.6,25.65,12.83,0,0,34,6.8
10/3/2012,179,US Virgin Islands,70(70.40),70,-1,,0,0,140.8,70.4,0,0,0,0
10/3/2012,180,Sri Lanka,68(68.08),68,-1,,25.8,25.8,28.13,14.07,54.64,16.39,59.08,11.82
10/3/2012,181,Bahamas,66(66.00),66,-1,,0,0,132,66,0,0,0,0
10/3/2012,181,Montserrat,66(66.00),0,25,,66,66,0,0,0,0,0,0
10/3/2012,183,Cayman Islands,65(64.68),65,-2,,31.68,31.68,66,33,0,0,0,0
10/3/2012,184,Myanmar,60(59.92),52,-1,,8.6,8.6,36.52,18.26,51,15.3,88.79,17.76
10/3/2012,185,St. Lucia,55(54.51),50,-1,,33.88,33.88,41.25,20.63,0,0,0,0
10/3/2012,185,Mongolia,55(55.35),55,-3,,0,0,90.3,45.15,0,0,51,10.2
10/3/2012,187,Eritrea,45(45.49),45,-2,,37.84,37.84,0,0,25.5,7.65,0,0
10/3/2012,188,Somalia,43(43.35),43,-1,,27.95,27.95,0,0,0,0,77.01,15.4
10/3/2012,189,Cambodia,42(41.83),42,-1,,0,0,66.65,33.33,0,0,42.5,8.5
10/3/2012,190,Comoros,39(39.43),39,0,,0,0,55.9,27.95,38.25,11.48,0,0
10/3/2012,190,Seychelles,39(38.70),39,0,,0,0,77.4,38.7,0,0,0,0
10/3/2012,190,Swaziland,39(38.88),39,0,,0,0,35.89,17.94,51,15.3,28.19,5.64
10/3/2012,193,Laos,38(38.20),38,0,,0,0,54.54,27.27,0,0,54.64,10.93
10/3/2012,193,Papua New Guinea,38(38.25),38,0,,21.25,21.25,34,17,0,0,0,0
10/3/2012,195,British Virgin Islands,34(34.32),40,-6,,26.4,26.4,0,0,26.4,7.92,0,0
10/3/2012,196,Cook Islands,28(28.05),28,-1,,21.25,21.25,0,0,0,0,34,6.8
10/3/2012,197,Djibouti,25(24.53),24,-1,,21.5,21.5,0,0,0,0,15.16,3.03
10/3/2012,198,Kyrgyzstan,20(20.23),20,-1,,0,0,25.8,12.9,0,0,36.67,7.33
10/3/2012,198,South Sudan,20(19.78),20,-1,,19.78,19.78,0,0,0,0,0,0
10/3/2012,198,Macau,20(20.02),13,2,,8.6,8.6,14.33,7.17,0,0,21.25,4.25
10/3/2012,201,Mauritius,13(13.44),13,-1,,0,0,26.88,13.44,0,0,0,0
10/3/2012,201,Andorra,13(13.00),15,-2,,13,13,0,0,0,0,0,0
10/3/2012,203,Brunei Darussalam,5(4.86),5,-1,,0,0,0,0,0,0,24.29,4.86
10/3/2012,204,Anguilla,4(4.40),4,-1,,0,0,8.8,4.4,0,0,0,0
10/3/2012,205,Mauritania,3(2.58),3,-1,,0,0,0,0,8.6,2.58,0,0
10/3/2012,206,Timor-Leste,2(1.70),2,-1,,0,0,0,0,0,0,8.5,1.7
10/3/2012,207,Bhutan,0(0.00),0,-1,,0,0,0,0,0,0,0,0
10/3/2012,207,San Marino,0(0.00),0,-1,,0,0,0,0,0,0,0,0
10/3/2012,207,Turks and Caicos Islands,0(0.00),0,-1,,0,0,0,0,0,0,0,0